,Neighborhood,BusinessDistrict,NeighborhoodLatitude,NeighborhoodLongitude,VenueName,VenuId,VenueLatitude,VenueLongitude,VenueCategory
0,Linwood,0,39.10421310033149,-84.41592374751214,Dennert H Distribtg,4f32494419836c91c7c8b7f7,39.108777,-84.421232,Wine Bar
1,East Walnut Hills,1,39.128889442414376,-84.47682324096525,The Woodburn Brewery & Taproom,55461bf6498eac118325e62e,39.12902950108561,-84.47689212564786,Beer Bar
2,East Walnut Hills,1,39.128889442414376,-84.47682324096525,Myrtle's Punch House,5473d783498ec0bbca9021d6,39.12427648726077,-84.47612998549117,Cocktail Bar
3,East Walnut Hills,1,39.128889442414376,-84.47682324096525,The Growler House,545d54ab498ea427d9af9d2d,39.12976298108536,-84.47777772520168,Bar
4,East Walnut Hills,1,39.128889442414376,-84.47682324096525,Cafe Desales,4f48087ee4b01863529f8568,39.12978070652628,-84.47681667597159,Café
5,East Walnut Hills,1,39.128889442414376,-84.47682324096525,BrewRiver Gastropub,4fea02ede5e8dfeeb65b5000,39.1217582153985,-84.47502650077149,Gastropub
6,East Walnut Hills,1,39.128889442414376,-84.47682324096525,United Dairy Farmers (UDF),4b4f3d05f964a52060fe26e3,39.127451263321966,-84.48472863129166,Ice Cream Shop
7,East Walnut Hills,1,39.128889442414376,-84.47682324096525,Urbana Cafe,5b474778b1ec13002c762f99,39.128296,-84.477526,Coffee Shop
8,East Walnut Hills,1,39.128889442414376,-84.47682324096525,Angst Coffeehouse,537d3168498e4035f0942fd9,39.12421941676291,-84.47623871120612,Coffee Shop
9,East Walnut Hills,1,39.128889442414376,-84.47682324096525,Cliche,5d6459abca17630008abf539,39.12382,-84.47704,Bar
10,East Walnut Hills,1,39.128889442414376,-84.47682324096525,Lunch It Punch It,4d2ca3490fdc6a3128f4910b,39.12507397233298,-84.4694357281434,Café
11,Queensgate,0,39.108472203165405,-84.53375798068345,Rookwood Ice Cream Parlor,4f13500ee4b0fd2950549c47,39.10937453333882,-84.53108536393609,Ice Cream Shop
12,Mt. Washington,1,39.093073762068094,-84.387446668407,Mt. Washington Creamy Whip,4c1036ef81e976b0ecdd0eeb,39.09244934467973,-84.38710287631645,Ice Cream Shop
13,Northside,1,39.16079490680447,-84.53894591579758,Listing Loon,51e5e417498efc97bd300341,39.16101341459633,-84.53923915286566,Bar
14,Northside,1,39.16079490680447,-84.53894591579758,Collective Espresso,5495c1fd498eeb266e9442d0,39.15989548739377,-84.53959544408238,Coffee Shop
15,Northside,1,39.16079490680447,-84.53894591579758,Northside Tavern,4b0220f4f964a520eb4722e3,39.16241984802255,-84.5397728184591,Bar
16,Northside,1,39.16079490680447,-84.53894591579758,The Littlefield,53b74740498e8cb5722a80a2,39.15776885417835,-84.53993060021422,Whisky Bar
17,Northside,1,39.16079490680447,-84.53894591579758,Urban Artifact,51fd186b498ecee282bedc11,39.16070776180669,-84.54202838894602,Brewery
18,Northside,1,39.16079490680447,-84.53894591579758,Sidewinder Coffee + Tea,4b4fa9d2f964a520c80f27e3,39.16303611815905,-84.53994675997957,Coffee Shop
19,Northside,1,39.16079490680447,-84.53894591579758,Higher Gravity,594b106b4f0e58337b597cd4,39.16037853800181,-84.53911406939046,Beer Bar
20,Northside,1,39.16079490680447,-84.53894591579758,Tillie's,550df681498e069e34c6a140,39.15987767626711,-84.5392379143101,Cocktail Bar
21,Northside,1,39.16079490680447,-84.53894591579758,C&D Cafe,4b7cea70f964a52024a92fe3,39.162653732078056,-84.5447903148133,Dive Bar
22,Northside,1,39.16079490680447,-84.53894591579758,Northside Yacht Club,55408ab6498ed666a6c0e667,39.15968175870918,-84.5326793303467,Bar
23,Northside,1,39.16079490680447,-84.53894591579758,Boswell's,50410e82e4b05127f7861cf3,39.16065068359944,-84.54343962182978,Pub
24,Northside,1,39.16079490680447,-84.53894591579758,Chameleon,4e0eabc4d22d8582bdc1fa22,39.16063131592701,-84.53924340767132,Bar
25,Northside,1,39.16079490680447,-84.53894591579758,United Dairy Farmers (UDF),4b3d6548f964a520939325e3,39.16357533927773,-84.53934670809667,Ice Cream Shop
26,Northside,1,39.16079490680447,-84.53894591579758,Junker's Tavern,4b67b350f964a5204e5b2be3,39.16312546012622,-84.53811239773194,Dive Bar
27,Northside,1,39.16079490680447,-84.53894591579758,Dojo Gelato,591f54428c35dc7af6b90438,39.161106,-84.545867,Ice Cream Shop
28,Northside,1,39.16079490680447,-84.53894591579758,La Terza Artisian Coffee Roasterie,4b8314a0f964a52064f630e3,39.16240719,-84.547742,Coffee Shop
29,Roselawn,1,39.19999808510147,-84.45680071034724,Starbucks,5231fe6811d20c9541f8f121,39.1987986603819,-84.45172736188755,Coffee Shop
30,Walnut Hills,1,39.12928125579373,-84.49029876479503,Landlocked Social House,5834e157460dd95c693620b8,39.12643156692403,-84.4960768684641,Bar
31,Walnut Hills,1,39.12928125579373,-84.49029876479503,United Dairy Farmers (UDF),4b4f3d05f964a52060fe26e3,39.127451263321966,-84.48472863129166,Ice Cream Shop
32,Walnut Hills,1,39.12928125579373,-84.49029876479503,Dunkin',4b7d3aabf964a520d0b32fe3,39.13477782063361,-84.49930446073057,Donut Shop
33,Walnut Hills,1,39.12928125579373,-84.49029876479503,Baskin-Robbins,4b8f362af964a520f14d33e3,39.13479211824363,-84.49930810908324,Ice Cream Shop
34,West End,1,39.10911838251127,-84.5281334741158,Taft's Ale House,54e8dc93498e2565b4a9f267,39.11137752027737,-84.51747639808683,Brewery
35,West End,1,39.10911838251127,-84.5281334741158,Nellie's Tap Room,5584a3b5498e999a9a5dd065,39.11139677487559,-84.51738219704508,Bar
36,West End,1,39.10911838251127,-84.5281334741158,Rookwood Ice Cream Parlor,4f13500ee4b0fd2950549c47,39.10937453333882,-84.53108536393609,Ice Cream Shop
37,West End,1,39.10911838251127,-84.5281334741158,Samuel Adams Brewery,4beb4c0aa9900f4720b11740,39.11370558065025,-84.52211908474462,Brewery
38,Bond Hill,1,39.17615861373958,-84.46679405189505,Starbucks,5773b88a498e4f7e0b80e93e,39.168818,-84.46455,Coffee Shop
39,Bond Hill,1,39.17615861373958,-84.46679405189505,United Dairy Farmers (UDF),4bbaaeae3db7b713eca0239a,39.17648191790178,-84.45581215581348,Ice Cream Shop
40,Bond Hill,1,39.17615861373958,-84.46679405189505,Next Chapter,521e4b7111d21d7ddaa55a73,39.170972,-84.45924,Café
41,Mt. Auburn,0,39.11925582932078,-84.5087745103549,Graeter's Ice Cream,4b599d86f964a5200d8f28e3,39.121088128233566,-84.50094233250616,Ice Cream Shop
42,Mt. Auburn,0,39.11925582932078,-84.5087745103549,Boba Cha,537f99ee498e2e6e70de2c35,39.11291911958161,-84.51253537099717,Bubble Tea Shop
43,Mt. Auburn,0,39.11925582932078,-84.5087745103549,Liberty's Bar & Bottle,541cf4a6498e78ca0871851c,39.11221229776944,-84.51242622036936,Bar
44,Mt. Auburn,0,39.11925582932078,-84.5087745103549,Deeper Roots Coffee,59d6f05d4928143ec569d3a5,39.11592414944626,-84.51839410608878,Coffee Shop
45,Mt. Auburn,0,39.11925582932078,-84.5087745103549,MOTR Pub,4c6c144a6af58cfa33c08517,39.1111109,-84.5122466,Bar
46,Mt. Auburn,0,39.11925582932078,-84.5087745103549,Milton's - The Prospect Hill Tavern,4b45d7b5f964a520141126e3,39.1135171691661,-84.51070744765669,Bar
47,Mt. Auburn,0,39.11925582932078,-84.5087745103549,The Pony,59fa5ce86f0aa23a208a487f,39.1111046210156,-84.51209277443574,Bar
48,Mt. Auburn,0,39.11925582932078,-84.5087745103549,Christian Moerlein Malt House Taproom,51a0f7c5498e1831035afb60,39.11378610161983,-84.51492325104212,Beer Bar
49,Mt. Auburn,0,39.11925582932078,-84.5087745103549,Collective Espresso,50676887e4b0bb2af9c18911,39.11062863273613,-84.51171256306424,Coffee Shop
50,Mt. Auburn,0,39.11925582932078,-84.5087745103549,Christian Moerlein Brewery Co,4c94f855533aa093c363c445,39.113941855492776,-84.51512978547568,Brewery
51,Mt. Auburn,0,39.11925582932078,-84.5087745103549,Iris Bookcafé,4b4cfa0ff964a52049c626e3,39.11075271724542,-84.51214714217619,Coffee Shop
52,Mt. Lookout,1,39.12901820207263,-84.4300783299096,Zip's Cafe,4b4266f8f964a52030d325e3,39.12976484739373,-84.42948565665,Pub
53,Mt. Lookout,1,39.12901820207263,-84.4300783299096,Lookout Joe - Mt Lookout Coffee Roasters,4b48a780f964a520ba5126e3,39.129429396478564,-84.43017718684344,Coffee Shop
54,Mt. Lookout,1,39.12901820207263,-84.4300783299096,United Dairy Farmers (UDF),4b85d1a9f964a520b07431e3,39.13001167336752,-84.42993600118245,Ice Cream Shop
55,Mt. Lookout,1,39.12901820207263,-84.4300783299096,Mt. Lookout Tavern,4b377606f964a520334125e3,39.12803783988079,-84.43027496337889,Bar
56,Mt. Lookout,1,39.12901820207263,-84.4300783299096,transition bar,50c227aee4b0723643d02610,39.130411114153006,-84.43037311649242,Bar
57,Mt. Lookout,1,39.12901820207263,-84.4300783299096,Wurst Bar,5148ee61e4b0ff29e13e5408,39.12833263084554,-84.43010744663617,Gastropub
58,Mt. Lookout,1,39.12901820207263,-84.4300783299096,Millions Cafe,4b36ddf1f964a520923d25e3,39.1281992283863,-84.43019781969927,Bar
59,Mt. Lookout,1,39.12901820207263,-84.4300783299096,Mount Lookout Tavern,4ea0f27bb8f7e4911dff82f0,39.127992784840224,-84.43050200813082,Bar
60,Hartwell,1,39.21248084544221,-84.47491094110256,The Vogue,4bc7b90aaf07a59341d17f2d,39.21696541040224,-84.47390763852704,Bar
61,Avondale,1,39.144072024912866,-84.49924556960545,Cincinnati Children's Hospital Cafeteria,4c8126afd34ca143aa7e1f80,39.140524104955375,-84.50190514224023,Cafeteria
62,Avondale,1,39.144072024912866,-84.49924556960545,Shriners Cafe,5159add5e4b06ee01f1ffce7,39.137305,-84.50094,Café
63,Hyde Park,1,39.1389318612636,-84.442504037832,Graeter's Ice Cream,4b60e2f7f964a520c9ff29e3,39.13994652220337,-84.44300062392517,Ice Cream Shop
64,Hyde Park,1,39.1389318612636,-84.442504037832,Unwind Wine Bar,5099918be4b084fe1d6b05b1,39.138732577035164,-84.44204252086186,Wine Bar
65,Hyde Park,1,39.1389318612636,-84.442504037832,Awakenings Coffee & Tea Co.,4b49f086f964a5205e7626e3,39.13964587193228,-84.44192986173108,Wine Bar
66,Hyde Park,1,39.1389318612636,-84.442504037832,Hyde Perk,59459d974c9be621914b3622,39.144278053069996,-84.44202579894657,Coffee Shop
67,Hyde Park,1,39.1389318612636,-84.442504037832,Mitchell's Salon & Day Spa,4c69ad79d0bdc9b61798a60b,39.145999765062555,-84.44487247301478,Salon / Barbershop
68,Hyde Park,1,39.1389318612636,-84.442504037832,LongHorn Steakhouse,4b6e0c93f964a52061a62ce3,39.14631660578851,-84.44296189486316,Steakhouse
69,Hyde Park,1,39.1389318612636,-84.442504037832,Rusty Bucket Corner Tavern,4b58935af964a5201e5f28e3,39.14741762812708,-84.44293351391258,Pub
70,Hyde Park,1,39.1389318612636,-84.442504037832,The Establishment,4b450157f964a520fb0026e3,39.14447434149724,-84.435464794397,Pub
71,Hyde Park,1,39.1389318612636,-84.442504037832,Starbucks,4b462436f964a520d71726e3,39.14747,-84.44308266,Coffee Shop
72,Hyde Park,1,39.1389318612636,-84.442504037832,R.P. McMurphy's,4b45012cf964a520f20026e3,39.14448448479467,-84.43510219958608,Pub
73,Lower Price Hill,1,39.105010040061195,-84.55303231112518,Incline Public House,510b31d8e4b0af95690b8a71,39.105421615253604,-84.55663717791839,Gastropub
74,Lower Price Hill,1,39.105010040061195,-84.55303231112518,BLOC Coffee Company,4b474878f964a520192e26e3,39.10681629520175,-84.56244100911532,Coffee Shop
75,Lower Price Hill,1,39.105010040061195,-84.55303231112518,The Bold Face Dairy Bar,5d0d43c89250e40023cdca91,39.105568,-84.55836,Ice Cream Shop
76,Lower Price Hill,1,39.105010040061195,-84.55303231112518,Hilltop Coffee Shop,4bbe44dd6a93b7139d02ebd2,39.1124349302759,-84.55452219959645,Coffee Shop
77,Lower Price Hill,1,39.105010040061195,-84.55303231112518,United Dairy Farmers (UDF),4be96bb6c5220f47c7cbaaca,39.109737037278656,-84.56184267997742,Ice Cream Shop
78,Evanston,1,39.145443145858565,-84.46906225816373,Listermann Brewing Co.,4b6b50caf964a52056002ce3,39.14647002621151,-84.47223720801455,Brewery
79,Evanston,1,39.145443145858565,-84.46906225816373,United Dairy Farmers (UDF),4c6a7a061a6620a1291b668c,39.14597260912849,-84.46884227916172,Ice Cream Shop
80,Evanston,1,39.145443145858565,-84.46906225816373,Dana Gardens,4b443f7df964a5200af325e3,39.146279995126655,-84.46640228945151,Bar
81,Evanston,1,39.145443145858565,-84.46906225816373,Hoff Dining Commons,4ca0cfea8afca093a8091616,39.148537514667964,-84.47337720318521,College Cafeteria
82,Evanston,1,39.145443145858565,-84.46906225816373,United Dairy Farmers (UDF),4b618adcf964a52080172ae3,39.15139442424464,-84.46359903231428,Ice Cream Shop
83,Evanston,1,39.145443145858565,-84.46906225816373,Community Blend,5389f7c2498e1b0d8c12f301,39.14379775352529,-84.46991744383998,Coffee Shop
84,Evanston,1,39.145443145858565,-84.46906225816373,Graeter's Ice Cream,55d24d59498e3816103ce0fc,39.1479707603307,-84.46669163558198,Ice Cream Shop
85,Evanston,1,39.145443145858565,-84.46906225816373,Ryan's Pub,4bbe9776b083a5934656a2e9,39.149724777758436,-84.47459780054669,Pub
86,Camp Washington,1,39.13679019874358,-84.53758316123972,Mom 'N 'Em Coffee,5cec16a7da7080002d104219,39.14093,-84.53833,Café
87,College Hill,1,39.20030213790457,-84.54686198326684,Brink Brewing Company,582df9a7d22e7b483c68f866,39.19900115666765,-84.54695478439524,Brewery
88,College Hill,1,39.20030213790457,-84.54686198326684,Marty's Hops and Vines,4b58abedf964a520e56428e3,39.202214899555415,-84.54751349977161,Wine Bar
89,College Hill,1,39.20030213790457,-84.54686198326684,College Hill Coffee Co. and Casual Gourmet,4b58920af964a520b95e28e3,39.202948454959824,-84.54755909405266,Café
90,Clifton,1,39.14302280375853,-84.52005776166956,Graeter's Ice Cream,4b41013ef964a52037bf25e3,39.143871261003234,-84.52077145828378,Ice Cream Shop
91,Clifton,1,39.14302280375853,-84.52005776166956,Bohemian Hookah Cafe,4f5422a7e4b0ee60bad4d8df,39.143878579655365,-84.52109138810017,Hookah Bar
92,Clifton,1,39.14302280375853,-84.52005776166956,Lydia's on Ludlow,4cc99720d147a0934701e8ae,39.14362744591213,-84.52060971548532,Café
93,Clifton,1,39.14302280375853,-84.52005776166956,Ludlow Wines,4fca8047e4b0605a490b81ee,39.143625852679854,-84.52107999311805,Wine Bar
94,Clifton,1,39.14302280375853,-84.52005776166956,United Dairy Farmers (UDF),4b65d64df964a5200c032be3,39.142341779128266,-84.51971444968547,Ice Cream Shop
95,Clifton,1,39.14302280375853,-84.52005776166956,Lydia's On Ludlow,571b82e0498efeaaa68d8917,39.143495,-84.520651,Café
96,Clifton,1,39.14302280375853,-84.52005776166956,Fries Cafe,4b75de56f964a520bf2a2ee3,39.13970764773503,-84.51277289849145,Bar
97,Clifton,1,39.14302280375853,-84.52005776166956,Sitwell's Coffee House,4b42b57bf964a52007d925e3,39.14375923829778,-84.52054370089253,Coffee Shop
98,Clifton,1,39.14302280375853,-84.52005776166956,Arlin's Bar & Garden,4b43778bf964a5200ce125e3,39.14341445712006,-84.51939054235577,Bar
99,Clifton,1,39.14302280375853,-84.52005776166956,Good Samaritan Cafeteria,4c291b84e19720a111fef858,39.13983756729494,-84.52251061104775,Cafeteria
100,Clifton,1,39.14302280375853,-84.52005776166956,Starbucks,4db1bb9c6a231f2e4a7087da,39.13957379545471,-84.52256196736245,Coffee Shop
101,Clifton,1,39.14302280375853,-84.52005776166956,VA Patriot Cafe,50200b5ee4b016a5158f3555,39.14059818462685,-84.50943534812727,Café
102,East Price Hill,1,39.11170118303134,-84.5688124854708,BLOC Coffee Company,4b474878f964a520192e26e3,39.10681629520175,-84.56244100911532,Coffee Shop
103,East Price Hill,1,39.11170118303134,-84.5688124854708,United Dairy Farmers (UDF),4be96bb6c5220f47c7cbaaca,39.109737037278656,-84.56184267997742,Ice Cream Shop
104,Clifton Heights,1,39.12813537616496,-84.51713714709862,The Brass Tap,52470ce911d2a19e0db8895b,39.12838950217945,-84.51727551025942,Bar
105,Clifton Heights,1,39.12813537616496,-84.51713714709862,Rohs Street Cafe,4b525fdbf964a520187a27e3,39.12772208576179,-84.52138572047411,Coffee Shop
106,Clifton Heights,1,39.12813537616496,-84.51713714709862,Tea n' Bowl,4b437d12f964a5208be125e3,39.127877671193396,-84.51977909577349,Bubble Tea Shop
107,Clifton Heights,1,39.12813537616496,-84.51713714709862,Mac's Pizza Pub,4b43637ff964a52060df25e3,39.1277297,-84.5196153,Bar
108,Clifton Heights,1,39.12813537616496,-84.51713714709862,Catskeller,4b4a3a80f964a520bb7f26e3,39.13176948536015,-84.51726105704032,Bar
109,Clifton Heights,1,39.12813537616496,-84.51713714709862,Murphy's Pub,4b47e3bef964a520f24226e3,39.12465944246241,-84.5199276026485,Bar
110,Clifton Heights,1,39.12813537616496,-84.51713714709862,Kung Fu Tea,5c7b2562a6031c002c68a6c3,39.127962,-84.520485,Bubble Tea Shop
111,Clifton Heights,1,39.12813537616496,-84.51713714709862,Taste of Belgium - Clifton,526171ac11d2bd1db179ae60,39.13227327622119,-84.5094078549034,Gastropub
112,Clifton Heights,1,39.12813537616496,-84.51713714709862,Hookah Cafe,4b526b60f964a520637c27e3,39.128165344455404,-84.51405839523511,Hookah Bar
113,Clifton Heights,1,39.12813537616496,-84.51713714709862,Home Base Tavern,4cf2008b1d18a143699857ec,39.126206,-84.512783,Gay Bar
114,Clifton Heights,1,39.12813537616496,-84.51713714709862,Starbucks,590957029de23b6c0a8c761f,39.13229,-84.516488,Coffee Shop
115,Clifton Heights,1,39.12813537616496,-84.51713714709862,Starbucks,58f9af53237dee3cd80dba4e,39.12844541874812,-84.50999173408503,Coffee Shop
116,Clifton Heights,1,39.12813537616496,-84.51713714709862,The 86 Uptown,4befe8a0a09076b0719f29d4,39.13309789770944,-84.51067686080933,Coffee Shop
117,Clifton Heights,1,39.12813537616496,-84.51713714709862,Dive Bar,4db098dccda14b702a34a91d,39.12951029700285,-84.50946108868612,Dive Bar
118,Clifton Heights,1,39.12813537616496,-84.51713714709862,Starbucks,4fc94581d4f24895b4467e1f,39.130481,-84.517897,Coffee Shop
119,Clifton Heights,1,39.12813537616496,-84.51713714709862,CCM Cafe,4b5f2e82f964a5208aab29e3,39.13070682627537,-84.5178851672378,College Cafeteria
120,Downtown,0,39.10007429335191,-84.50975952674665,Graeter's Ice Cream,4b4f5355f964a520680127e3,39.101560910810576,-84.51186892088413,Ice Cream Shop
121,Downtown,0,39.10007429335191,-84.50975952674665,Sleepy Bee Cafe,5a6dea8297cf5a7b38b5e293,39.10005539529861,-84.51227164823638,Café
122,Downtown,0,39.10007429335191,-84.50975952674665,Aster On Fourth,5a4e9cc26bd36b1ecb142000,39.100030309495565,-84.51225388668136,Cocktail Bar
123,Downtown,0,39.10007429335191,-84.50975952674665,Moerlein Lager House,4bc5e8b3f360ef3b98c3da2d,39.09630279949856,-84.50879034764277,Gastropub
124,Downtown,0,39.10007429335191,-84.50975952674665,Ruth's Chris Steak House,507a2452e4b0ce42c6bdef75,39.097417986152635,-84.51012700796122,Steakhouse
125,Downtown,0,39.10007429335191,-84.50975952674665,Jeff Ruby's Steakhouse,4b92ff3af964a520842d34e3,39.103869041806995,-84.5119588516162,Steakhouse
126,Downtown,0,39.10007429335191,-84.50975952674665,Morton's The Steakhouse,4b17fd3af964a520f1ca23e3,39.10095834327509,-84.51308883726591,Steakhouse
127,Downtown,0,39.10007429335191,-84.50975952674665,Starbucks,4b44be05f964a520e2fa25e3,39.10022148,-84.5091296,Coffee Shop
128,Downtown,0,39.10007429335191,-84.50975952674665,Arnold's Bar & Grill,4b3d1320f964a520588d25e3,39.1049774191832,-84.51020930995345,Bar
129,Downtown,0,39.10007429335191,-84.50975952674665,Holy Grail Tavern and Grille,4d8201a07252a1cdf3bba45d,39.09760718554319,-84.50895732141214,Bar
130,Downtown,0,39.10007429335191,-84.50975952674665,Knockback Nat's,4b47f539f964a5201b4526e3,39.1037127711672,-84.51388574348721,Bar
131,Downtown,0,39.10007429335191,-84.50975952674665,The Bar at Palm Court,4b87e5c1f964a520b7d131e3,39.1007538111442,-84.514493690248,Hotel Bar
132,Downtown,0,39.10007429335191,-84.50975952674665,Cheapside Cafe,53760551498e68b83d4e746c,39.10544225068649,-84.50773946152565,Café
133,Downtown,0,39.10007429335191,-84.50975952674665,21c Rooftop Bar,5192c468498e36e1e0b8a5c4,39.10326763946484,-84.51213119723822,Bar
134,Downtown,0,39.10007429335191,-84.50975952674665,Lola's,55f31264498ebc576e3e6bee,39.09872025515388,-84.51346087075879,Coffee Shop
135,Downtown,0,39.10007429335191,-84.50975952674665,Cafe De Paris,4ba8cd26f964a52007f039e3,39.104384104001454,-84.51450141553399,Café
136,Downtown,0,39.10007429335191,-84.50975952674665,Rock Bottom Restaurant & Brewery,4b3fe95ff964a520e5b125e3,39.1023862,-84.5125696,Brewery
137,Downtown,0,39.10007429335191,-84.50975952674665,Igby's,50481d09e4b0d1f2d8d750aa,39.10276930264024,-84.51100731878212,Bar
138,Downtown,0,39.10007429335191,-84.50975952674665,Righteous Room,4b4528c7f964a5209b0626e3,39.10377124741435,-84.51203038487587,Bar
139,Downtown,0,39.10007429335191,-84.50975952674665,The Stretch,5830d14765e7c7635dfebb23,39.097372196694984,-84.50933382469728,Bar
140,Downtown,0,39.10007429335191,-84.50975952674665,Tokyo Kitty,5a7a076195da0c68369b705f,39.10194269515349,-84.51494286668184,Karaoke Bar
141,Downtown,0,39.10007429335191,-84.50975952674665,Top of the Park - The Phelps,5244c309498efbc894b20926,39.1017048,-84.5046003,Bar
142,Downtown,0,39.10007429335191,-84.50975952674665,Hello Honey,5009af43e4b053e656f5a70a,39.103412816087015,-84.51353828055248,Ice Cream Shop
143,Downtown,0,39.10007429335191,-84.50975952674665,Coffee Emporium,4b460755f964a5207d1426e3,39.10749750998573,-84.51238976791237,Coffee Shop
144,Downtown,0,39.10007429335191,-84.50975952674665,Kitty's Sports Grill,560c708e498e541b90075039,39.09808245681822,-84.51584163922493,Sports Bar
145,Downtown,0,39.10007429335191,-84.50975952674665,Pins Mechanical Co.,5bf0a9dfe65d0c002c514419,39.10854820517929,-84.51150686145472,Bar
146,Downtown,0,39.10007429335191,-84.50975952674665,Queen City Exchange,57f8fbf4498ecadc3af56807,39.1060916821933,-84.51535323559246,Bar
147,Downtown,0,39.10007429335191,-84.50975952674665,Kitty's Coffee,4b74d41df964a52043f42de3,39.10684241320802,-84.51197621656635,Coffee Shop
148,Downtown,0,39.10007429335191,-84.50975952674665,Japp's Since 1879,4ce30b2b7e9b721e823334f1,39.10872623986601,-84.51178367571848,Cocktail Bar
149,Downtown,0,39.10007429335191,-84.50975952674665,rhinehaus,507ad9a5e4b04c2b97f7a51b,39.10854353348844,-84.51241364260267,Sports Bar
150,Downtown,0,39.10007429335191,-84.50975952674665,Below Zero Lounge,4b525090f964a520b57627e3,39.108456922384576,-84.51301040154883,Cocktail Bar
151,Corryville,1,39.131545852186974,-84.50962267608041,Taste of Belgium - Clifton,526171ac11d2bd1db179ae60,39.13227327622119,-84.5094078549034,Gastropub
152,Corryville,1,39.131545852186974,-84.50962267608041,The 86 Uptown,4befe8a0a09076b0719f29d4,39.13309789770944,-84.51067686080933,Coffee Shop
153,Corryville,1,39.131545852186974,-84.50962267608041,Highland Coffee House,4b480a1cf964a520d34626e3,39.13248916958804,-84.5030767491701,Coffee Shop
154,Corryville,1,39.131545852186974,-84.50962267608041,The Brass Tap,52470ce911d2a19e0db8895b,39.12838950217945,-84.51727551025942,Bar
155,Corryville,1,39.131545852186974,-84.50962267608041,Dive Bar,4db098dccda14b702a34a91d,39.12951029700285,-84.50946108868612,Dive Bar
156,Corryville,1,39.131545852186974,-84.50962267608041,Catskeller,4b4a3a80f964a520bb7f26e3,39.13176948536015,-84.51726105704032,Bar
157,Corryville,1,39.131545852186974,-84.50962267608041,Starbucks,58f9af53237dee3cd80dba4e,39.12844541874812,-84.50999173408503,Coffee Shop
158,Corryville,1,39.131545852186974,-84.50962267608041,Bearcat Lounge,4b91b4f1f964a52095d133e3,39.13664164605649,-84.5075203140411,Hotel Bar
159,Corryville,1,39.131545852186974,-84.50962267608041,Fries Cafe,4b75de56f964a520bf2a2ee3,39.13970764773503,-84.51277289849145,Bar
160,Corryville,1,39.131545852186974,-84.50962267608041,Starbucks,590957029de23b6c0a8c761f,39.13229,-84.516488,Coffee Shop
161,Corryville,1,39.131545852186974,-84.50962267608041,Tea n' Bowl,4b437d12f964a5208be125e3,39.127877671193396,-84.51977909577349,Bubble Tea Shop
162,Corryville,1,39.131545852186974,-84.50962267608041,Home Base Tavern,4cf2008b1d18a143699857ec,39.126206,-84.512783,Gay Bar
163,Corryville,1,39.131545852186974,-84.50962267608041,Hookah Cafe,4b526b60f964a520637c27e3,39.128165344455404,-84.51405839523511,Hookah Bar
164,Corryville,1,39.131545852186974,-84.50962267608041,Mac's Pizza Pub,4b43637ff964a52060df25e3,39.1277297,-84.5196153,Bar
165,Corryville,1,39.131545852186974,-84.50962267608041,Dunkin',4b7d3aabf964a520d0b32fe3,39.13477782063361,-84.49930446073057,Donut Shop
166,Corryville,1,39.131545852186974,-84.50962267608041,Great Clips,51f95632498e07191c674610,39.12817684129012,-84.51548589744164,Salon / Barbershop
167,Corryville,1,39.131545852186974,-84.50962267608041,The St. Clair,51f19534498ebc483f3c4abb,39.12831377348315,-84.51693800110203,Cocktail Bar
168,Corryville,1,39.131545852186974,-84.50962267608041,Starbucks,4c59654cb8b3c9b6ecfc88b6,39.136672,-84.507369,Coffee Shop
169,Oakley,1,39.15250111435191,-84.4306456962569,Aglamesis Brothers,4b43fff5f964a520e5ef25e3,39.15213,-84.43243,Ice Cream Shop
170,Oakley,1,39.15250111435191,-84.4306456962569,Oakley Pub & Grill,4b43c098f964a5208be825e3,39.1513809009164,-84.43206147760064,Bar
171,Oakley,1,39.15250111435191,-84.4306456962569,Sleepy Bee Cafe,52b0886f498efc2e4cd17869,39.15345210075723,-84.42983866080864,Café
172,Oakley,1,39.15250111435191,-84.4306456962569,Deeper Roots Coffee,551b3c41498e142b44ef7432,39.152130758221425,-84.43193141337946,Coffee Shop
173,Oakley,1,39.15250111435191,-84.4306456962569,Rooted Juicery + Kitchen,55aa6f7f498e613682c45b2f,39.151073863676,-84.43382309629995,Juice Bar
174,Oakley,1,39.15250111435191,-84.4306456962569,MadTree Brewing,506cd290e4b01df5d785fc1a,39.15644435531395,-84.42403078079222,Brewery
175,Oakley,1,39.15250111435191,-84.4306456962569,Essencha Tea House and Fine Teas,4b4601adf964a520081426e3,39.155201393253805,-84.4269183218075,Tea Room
176,Oakley,1,39.15250111435191,-84.4306456962569,Great Clips,4b99946ef964a520218535e3,39.14513378912449,-84.42904747556895,Salon / Barbershop
177,Oakley,1,39.15250111435191,-84.4306456962569,The Wine Merchant,4b784cedf964a52072c32ee3,39.15205280039959,-84.44215313473649,Wine Bar
178,Oakley,1,39.15250111435191,-84.4306456962569,Starbucks - Hyde Park Plaza,5a68993d911fc45bf379b894,39.145885,-84.429012,Coffee Shop
179,Oakley,1,39.15250111435191,-84.4306456962569,Starbucks,4b56886bf964a5203a1428e3,39.144689,-84.429488,Coffee Shop
180,Oakley,1,39.15250111435191,-84.4306456962569,The Establishment,4b450157f964a520fb0026e3,39.14447434149724,-84.435464794397,Pub
181,Oakley,1,39.15250111435191,-84.4306456962569,Starbucks,4c17fefe4ff90f4790c30d49,39.160281,-84.427295,Coffee Shop
182,Oakley,1,39.15250111435191,-84.4306456962569,R.P. McMurphy's,4b45012cf964a520f20026e3,39.14448448479467,-84.43510219958608,Pub
183,Oakley,1,39.15250111435191,-84.4306456962569,The Casual Pint- Oakley Station,575acd52498ee3ed92549c2e,39.15876897123766,-84.42769647410668,Beer Bar
184,Oakley,1,39.15250111435191,-84.4306456962569,Bar Louie,55e4ccea498ed1bd644be8fe,39.1585987,-84.4289592,Gastropub
185,Oakley,1,39.15250111435191,-84.4306456962569,Slammers,4bfaa0fa5ec320a136e68bd3,39.15360426666667,-84.42603626666667,Bar
186,Oakley,1,39.15250111435191,-84.4306456962569,18|8 Fine Men's Salons,56216acd498ecd5d30f68466,39.1582987,-84.4272234,Salon / Barbershop
187,Pleasant Ridge,1,39.182463096788055,-84.42747374744437,Nine Giant Brewing,55637bd0498e52484d271cbc,39.18216679521738,-84.42750854927604,Brewery
188,Pleasant Ridge,1,39.182463096788055,-84.42747374744437,The Overlook Lodge,56357012498eae1202f31cf3,39.182113001529345,-84.42795574934523,Cocktail Bar
189,Pleasant Ridge,1,39.182463096788055,-84.42747374744437,The Coffee Exchange of Pleasant Ridge,51a0d57e498ea72544467f09,39.182378661232086,-84.42694672695173,Coffee Shop
190,Pleasant Ridge,1,39.182463096788055,-84.42747374744437,Molly Malone's Irish Pub & Restaurant,580e4ca138fae4e1a94df114,39.182556225575986,-84.42681595315509,Irish Pub
191,Pleasant Ridge,1,39.182463096788055,-84.42747374744437,The Red Balloon Cafe + Play,52a0d141498e5b4401e88e6e,39.182991659908,-84.4251741209966,Café
192,Pleasant Ridge,1,39.182463096788055,-84.42747374744437,Beans and Grapes Coffeehouse and Wine Bar,50a243ace4b0ed47fb54bd92,39.183159402789556,-84.42511118001326,Coffee Shop
193,East End,1,39.1192409324401,-84.44588220631448,The Hi-Mark,59694c7d1c0b340d4a9903a4,39.11850284807575,-84.4438652527693,Bar
194,East End,1,39.1192409324401,-84.44588220631448,The Precinct,4b490fe5f964a520396426e3,39.11716332760182,-84.43970807146235,Steakhouse
195,East End,1,39.1192409324401,-84.44588220631448,Pearl's,551c30ec498edf9af2c49a07,39.11614997648562,-84.43898972878341,Bar
196,East End,1,39.1192409324401,-84.44588220631448,Fuel Coffee,4c41bfd63735be9ac3d518a4,39.122730797312926,-84.45495497541444,Coffee Shop
197,East End,1,39.1192409324401,-84.44588220631448,Tostado's Grill,4b490f76f964a520236426e3,39.11666764640575,-84.43942646125417,Karaoke Bar
198,East End,1,39.1192409324401,-84.44588220631448,Green Dog Cafe,4b4a2c79f964a520587d26e3,39.11575306611054,-84.43779941593183,Café
199,East End,1,39.1192409324401,-84.44588220631448,Starbucks,4b4a4921f964a5204b8226e3,39.11550600095668,-84.43638206635728,Coffee Shop
200,East End,1,39.1192409324401,-84.44588220631448,Stanley's,4ba4566cf964a520ff9638e3,39.11494461142224,-84.43729456959377,Bar
201,Kennedy Heights,1,39.188624919712126,-84.41381472421588,HD Beans and Bottles Café,4b9f87f7f964a5204c2937e3,39.1901259,-84.4101492,Coffee Shop
202,Madisonville,1,39.15986215623572,-84.39049165812943,The Mad Llama,57a3295a498e6185b7ddb9f1,39.160166,-84.386344,Coffee Shop
203,Madisonville,1,39.15986215623572,-84.39049165812943,Between Round Sport Bar,4c4fa5b31886c9b601ff5f27,39.15202554,-84.39436826,Bar
204,Over-the-Rhine,1,39.11233834758136,-84.51585810942781,Taft's Ale House,54e8dc93498e2565b4a9f267,39.11137752027737,-84.51747639808683,Brewery
205,Over-the-Rhine,1,39.11233834758136,-84.51585810942781,Graeter's Ice Cream,52c755d911d2faa81232fbc7,39.1106617,-84.5155246,Ice Cream Shop
206,Over-the-Rhine,1,39.11233834758136,-84.51585810942781,Holtman's Donut Shop,520adbb8bce685c2b3858b2a,39.110494285115905,-84.51536888740317,Donut Shop
207,Over-the-Rhine,1,39.11233834758136,-84.51585810942781,Low Spark,562be423498e2c64faa4d476,39.110488150536774,-84.51618023143342,Bar
208,Over-the-Rhine,1,39.11233834758136,-84.51585810942781,Boba Cha,537f99ee498e2e6e70de2c35,39.11291911958161,-84.51253537099717,Bubble Tea Shop
209,Over-the-Rhine,1,39.11233834758136,-84.51585810942781,Sundry and Vice,55156c74498ece57a4ab8508,39.10937838604377,-84.5158521450369,Cocktail Bar
210,Over-the-Rhine,1,39.11233834758136,-84.51585810942781,Longfellow,589f74662c55ec7cf24bb656,39.109734409655424,-84.51270379561795,Bar
211,Over-the-Rhine,1,39.11233834758136,-84.51585810942781,1215 Wine Bar & Coffee Lab,4f349e4ee4b0debe1e46886a,39.10885067861751,-84.51501413009079,Coffee Shop
212,Over-the-Rhine,1,39.11233834758136,-84.51585810942781,MOTR Pub,4c6c144a6af58cfa33c08517,39.1111109,-84.5122466,Bar
213,Over-the-Rhine,1,39.11233834758136,-84.51585810942781,Senate Restaurant,4b7c72d2f964a5200c942fe3,39.10869581272631,-84.51481862131597,Gastropub
214,Over-the-Rhine,1,39.11233834758136,-84.51585810942781,Liberty's Bar & Bottle,541cf4a6498e78ca0871851c,39.11221229776944,-84.51242622036936,Bar
215,Over-the-Rhine,1,39.11233834758136,-84.51585810942781,Christian Moerlein Malt House Taproom,51a0f7c5498e1831035afb60,39.11378610161983,-84.51492325104212,Beer Bar
216,Over-the-Rhine,1,39.11233834758136,-84.51585810942781,The Pony,59fa5ce86f0aa23a208a487f,39.1111046210156,-84.51209277443574,Bar
217,Over-the-Rhine,1,39.11233834758136,-84.51585810942781,Krueger's Tavern,548a3ae3498e96c3ac6dbf16,39.10861,-84.51514,Gastropub
218,Over-the-Rhine,1,39.11233834758136,-84.51585810942781,Collective Espresso,50676887e4b0bb2af9c18911,39.11062863273613,-84.51171256306424,Coffee Shop
219,Over-the-Rhine,1,39.11233834758136,-84.51585810942781,The Lackman,4c93cb6572dd224bb0f59391,39.109409348560284,-84.51510163493671,Bar
220,Over-the-Rhine,1,39.11233834758136,-84.51585810942781,Christian Moerlein Brewery Co,4c94f855533aa093c363c445,39.113941855492776,-84.51512978547568,Brewery
221,Over-the-Rhine,1,39.11233834758136,-84.51585810942781,Deeper Roots Coffee,59d6f05d4928143ec569d3a5,39.11592414944626,-84.51839410608878,Coffee Shop
222,Over-the-Rhine,1,39.11233834758136,-84.51585810942781,Pins Mechanical Co.,5bf0a9dfe65d0c002c514419,39.10854820517929,-84.51150686145472,Bar
223,Over-the-Rhine,1,39.11233834758136,-84.51585810942781,Coffee Emporium,4b460755f964a5207d1426e3,39.10749750998573,-84.51238976791237,Coffee Shop
224,Over-the-Rhine,1,39.11233834758136,-84.51585810942781,The Cabaret,4d966ca4a2c6548177f1bf53,39.108487187685036,-84.51296386057813,Gay Bar
225,Over-the-Rhine,1,39.11233834758136,-84.51585810942781,Rhinegeist Brewery,51c4888e498ea0454b65c7cd,39.117221276051744,-84.52012895230538,Brewery
226,Over-the-Rhine,1,39.11233834758136,-84.51585810942781,Japp's Since 1879,4ce30b2b7e9b721e823334f1,39.10872623986601,-84.51178367571848,Cocktail Bar
227,Over-the-Rhine,1,39.11233834758136,-84.51585810942781,LouVino OTR,5b76302cbe70780039cf7049,39.10903216505552,-84.51152331439272,Wine Bar
228,Over-the-Rhine,1,39.11233834758136,-84.51585810942781,Market Wines,4bb77b73b35776b046a2c701,39.115342918978605,-84.51958637714107,Wine Bar
229,Over-the-Rhine,1,39.11233834758136,-84.51585810942781,Below Zero Lounge,4b525090f964a520b57627e3,39.108456922384576,-84.51301040154883,Cocktail Bar
230,Over-the-Rhine,1,39.11233834758136,-84.51585810942781,rhinehaus,507ad9a5e4b04c2b97f7a51b,39.10854353348844,-84.51241364260267,Sports Bar
231,Over-the-Rhine,1,39.11233834758136,-84.51585810942781,Iris Bookcafé,4b4cfa0ff964a52049c626e3,39.11075271724542,-84.51214714217619,Coffee Shop
232,Over-the-Rhine,1,39.11233834758136,-84.51585810942781,Urbana Cafe,56705900498e2a5eecf26ca4,39.109912,-84.508293,Coffee Shop
233,Over-the-Rhine,1,39.11233834758136,-84.51585810942781,Halfcut,534f32a311d253671ecb1c6f,39.10852089636924,-84.51307969352193,Bar
234,Over-the-Rhine,1,39.11233834758136,-84.51585810942781,LOCOBA By Platform,5a76021fda70802ddac0a5b0,39.108749496279046,-84.5116733521384,Beer Bar
235,Over-the-Rhine,1,39.11233834758136,-84.51585810942781,Revel,58f01cdffe374020c816e397,39.108567039438306,-84.51268691112385,Wine Bar
236,Over-the-Rhine,1,39.11233834758136,-84.51585810942781,Milton's - The Prospect Hill Tavern,4b45d7b5f964a520141126e3,39.1135171691661,-84.51070744765669,Bar
237,Over-the-Rhine,1,39.11233834758136,-84.51585810942781,The Rook OTR,57437f8a498e186b926d647c,39.10771725462246,-84.51479594998915,Gaming Cafe
238,Over-the-Rhine,1,39.11233834758136,-84.51585810942781,Queen City Exchange,57f8fbf4498ecadc3af56807,39.1060916821933,-84.51535323559246,Bar
239,Over-the-Rhine,1,39.11233834758136,-84.51585810942781,3 Points Urban Brewery,5b035ade61e53b002c2f61cf,39.1102278091504,-84.50860114269034,Brewery
240,Carthage,1,39.19555379863321,-84.47873734293984,Our Pub,4cb485de652c9c7428e50edc,39.18876138,-84.4859602,Dive Bar
241,Westwood,1,39.15120298374726,-84.6006525163064,West Side Brewing,58ba24a20b5656702e75833f,39.14951466341228,-84.59891525359198,Brewery
242,Westwood,1,39.15120298374726,-84.6006525163064,Rooties,4b8dcb4bf964a520070e33e3,39.15598586690003,-84.60964208240055,Bar
243,Westwood,1,39.15120298374726,-84.6006525163064,The Public House,4f7542ebe4b00446b3750d18,39.15581,-84.60667,Bar
244,Westwood,1,39.15120298374726,-84.6006525163064,Game Time Sports Bar & Grill,4f640e81e4b075c712d881f0,39.15583689910999,-84.60974892136034,Sports Bar
245,Westwood,1,39.15120298374726,-84.6006525163064,Skins Place,4ba18994f964a520f4be37e3,39.15579231567381,-84.60823186942528,Bar
246,Westwood,1,39.15120298374726,-84.6006525163064,Cheviot Tavern,4b76282ef964a52096402ee3,39.15588602090635,-84.6098188249395,Bar
247,Pendleton,0,39.1095092440368,-84.5054867021793,Urbana Cafe,56705900498e2a5eecf26ca4,39.109912,-84.508293,Coffee Shop
248,Pendleton,0,39.1095092440368,-84.5054867021793,Cheapside Cafe,53760551498e68b83d4e746c,39.10544225068649,-84.50773946152565,Café
249,Pendleton,0,39.1095092440368,-84.5054867021793,3 Points Urban Brewery,5b035ade61e53b002c2f61cf,39.1102278091504,-84.50860114269034,Brewery
250,Pendleton,0,39.1095092440368,-84.5054867021793,Pins Mechanical Co.,5bf0a9dfe65d0c002c514419,39.10854820517929,-84.51150686145472,Bar
251,Pendleton,0,39.1095092440368,-84.5054867021793,Coffee Emporium,4b460755f964a5207d1426e3,39.10749750998573,-84.51238976791237,Coffee Shop
252,Pendleton,0,39.1095092440368,-84.5054867021793,Longfellow,589f74662c55ec7cf24bb656,39.109734409655424,-84.51270379561795,Bar
253,Pendleton,0,39.1095092440368,-84.5054867021793,LouVino OTR,5b76302cbe70780039cf7049,39.10903216505552,-84.51152331439272,Wine Bar
254,Pendleton,0,39.1095092440368,-84.5054867021793,Collective Espresso,50676887e4b0bb2af9c18911,39.11062863273613,-84.51171256306424,Coffee Shop
255,Pendleton,0,39.1095092440368,-84.5054867021793,Japp's Since 1879,4ce30b2b7e9b721e823334f1,39.10872623986601,-84.51178367571848,Cocktail Bar
256,Pendleton,0,39.1095092440368,-84.5054867021793,Prism,51152771fe70d52f3b5df277,39.107634041573846,-84.5074561639552,Steakhouse
257,Pendleton,0,39.1095092440368,-84.5054867021793,Arnold's Bar & Grill,4b3d1320f964a520588d25e3,39.1049774191832,-84.51020930995345,Bar
258,Pendleton,0,39.1095092440368,-84.5054867021793,MOTR Pub,4c6c144a6af58cfa33c08517,39.1111109,-84.5122466,Bar
259,Pendleton,0,39.1095092440368,-84.5054867021793,The Pony,59fa5ce86f0aa23a208a487f,39.1111046210156,-84.51209277443574,Bar
260,Pendleton,0,39.1095092440368,-84.5054867021793,Boba Cha,537f99ee498e2e6e70de2c35,39.11291911958161,-84.51253537099717,Bubble Tea Shop
261,Pendleton,0,39.1095092440368,-84.5054867021793,The Cabaret,4d966ca4a2c6548177f1bf53,39.108487187685036,-84.51296386057813,Gay Bar
262,Pendleton,0,39.1095092440368,-84.5054867021793,The Blind Lemon,4b43f73df964a5203cef25e3,39.1094217714065,-84.49752115284853,Bar
263,Pendleton,0,39.1095092440368,-84.5054867021793,rhinehaus,507ad9a5e4b04c2b97f7a51b,39.10854353348844,-84.51241364260267,Sports Bar
264,Pendleton,0,39.1095092440368,-84.5054867021793,Liberty's Bar & Bottle,541cf4a6498e78ca0871851c,39.11221229776944,-84.51242622036936,Bar
265,Pendleton,0,39.1095092440368,-84.5054867021793,City View Tavern,4b436000f964a5201adf25e3,39.10603254285439,-84.50106563828459,Bar
266,Pendleton,0,39.1095092440368,-84.5054867021793,Senate Restaurant,4b7c72d2f964a5200c942fe3,39.10869581272631,-84.51481862131597,Gastropub
267,Pendleton,0,39.1095092440368,-84.5054867021793,LOCOBA By Platform,5a76021fda70802ddac0a5b0,39.108749496279046,-84.5116733521384,Beer Bar
268,Pendleton,0,39.1095092440368,-84.5054867021793,1215 Wine Bar & Coffee Lab,4f349e4ee4b0debe1e46886a,39.10885067861751,-84.51501413009079,Coffee Shop
269,Pendleton,0,39.1095092440368,-84.5054867021793,Below Zero Lounge,4b525090f964a520b57627e3,39.108456922384576,-84.51301040154883,Cocktail Bar
270,Pendleton,0,39.1095092440368,-84.5054867021793,Jeff Ruby's Steakhouse,4b92ff3af964a520842d34e3,39.103869041806995,-84.5119588516162,Steakhouse
271,Pendleton,0,39.1095092440368,-84.5054867021793,Graeter's Ice Cream,52c755d911d2faa81232fbc7,39.1106617,-84.5155246,Ice Cream Shop
272,Pendleton,0,39.1095092440368,-84.5054867021793,Holtman's Donut Shop,520adbb8bce685c2b3858b2a,39.110494285115905,-84.51536888740317,Donut Shop
273,Pendleton,0,39.1095092440368,-84.5054867021793,Kitty's Coffee,4b74d41df964a52043f42de3,39.10684241320802,-84.51197621656635,Coffee Shop
274,Pendleton,0,39.1095092440368,-84.5054867021793,Krueger's Tavern,548a3ae3498e96c3ac6dbf16,39.10861,-84.51514,Gastropub
275,Pendleton,0,39.1095092440368,-84.5054867021793,Sundry and Vice,55156c74498ece57a4ab8508,39.10937838604377,-84.5158521450369,Cocktail Bar
276,Pendleton,0,39.1095092440368,-84.5054867021793,Revel,58f01cdffe374020c816e397,39.108567039438306,-84.51268691112385,Wine Bar
277,Pendleton,0,39.1095092440368,-84.5054867021793,Iris Bookcafé,4b4cfa0ff964a52049c626e3,39.11075271724542,-84.51214714217619,Coffee Shop
278,Pendleton,0,39.1095092440368,-84.5054867021793,Halfcut,534f32a311d253671ecb1c6f,39.10852089636924,-84.51307969352193,Bar
279,Pendleton,0,39.1095092440368,-84.5054867021793,The Lackman,4c93cb6572dd224bb0f59391,39.109409348560284,-84.51510163493671,Bar
280,Pendleton,0,39.1095092440368,-84.5054867021793,Cafe De Paris,4ba8cd26f964a52007f039e3,39.104384104001454,-84.51450141553399,Café
281,Pendleton,0,39.1095092440368,-84.5054867021793,Milton's - The Prospect Hill Tavern,4b45d7b5f964a520141126e3,39.1135171691661,-84.51070744765669,Bar
282,Pendleton,0,39.1095092440368,-84.5054867021793,Low Spark,562be423498e2c64faa4d476,39.110488150536774,-84.51618023143342,Bar
283,Pendleton,0,39.1095092440368,-84.5054867021793,Knockback Nat's,4b47f539f964a5201b4526e3,39.1037127711672,-84.51388574348721,Bar
284,Pendleton,0,39.1095092440368,-84.5054867021793,Bow Tie Cafe,4c8179cb74d7b60c654177d8,39.10782784532844,-84.49769917722838,Café
285,Pendleton,0,39.1095092440368,-84.5054867021793,Total Juice Plus,4b7d68a2f964a520cdbc2fe3,39.103374705578986,-84.51354338150655,Juice Bar
286,Mt. Adams,1,39.10823021406872,-84.49760670790124,The Blind Lemon,4b43f73df964a5203cef25e3,39.1094217714065,-84.49752115284853,Bar
287,Mt. Adams,1,39.10823021406872,-84.49760670790124,Bow Tie Cafe,4c8179cb74d7b60c654177d8,39.10782784532844,-84.49769917722838,Café
288,Mt. Adams,1,39.10823021406872,-84.49760670790124,City View Tavern,4b436000f964a5201adf25e3,39.10603254285439,-84.50106563828459,Bar
289,Mt. Adams,1,39.10823021406872,-84.49760670790124,Celestial,4b787f6af964a5204ed22ee3,39.10647202098267,-84.50028740840416,Steakhouse
290,Mt. Adams,1,39.10823021406872,-84.49760670790124,Cheapside Cafe,53760551498e68b83d4e746c,39.10544225068649,-84.50773946152565,Café
291,Mt. Adams,1,39.10823021406872,-84.49760670790124,the grotto,4ff1c24ae4b0730ed8efe6db,39.107891499152444,-84.4977113291102,Bar
292,Mt. Adams,1,39.10823021406872,-84.49760670790124,Urbana Cafe,56705900498e2a5eecf26ca4,39.109912,-84.508293,Coffee Shop
293,Mt. Adams,1,39.10823021406872,-84.49760670790124,Longworth's,4b4cd305f964a52062c026e3,39.10797200890562,-84.49763209636609,Bar
294,Mt. Adams,1,39.10823021406872,-84.49760670790124,Crowley's Highland House,4b528f5ef964a520498227e3,39.107725237055014,-84.49704094305945,Bar
295,Mt. Adams,1,39.10823021406872,-84.49760670790124,3 Points Urban Brewery,5b035ade61e53b002c2f61cf,39.1102278091504,-84.50860114269034,Brewery
296,Mt. Adams,1,39.10823021406872,-84.49760670790124,Prism,51152771fe70d52f3b5df277,39.107634041573846,-84.5074561639552,Steakhouse
297,Mt. Adams,1,39.10823021406872,-84.49760670790124,Top of the Park - The Phelps,5244c309498efbc894b20926,39.1017048,-84.5046003,Bar
298,Mt. Adams,1,39.10823021406872,-84.49760670790124,Yesterday's Old Time Saloon,4c4bb5dc42b4d13aee90097f,39.1093440167662,-84.49778503271742,Dive Bar
299,Mt. Adams,1,39.10823021406872,-84.49760670790124,United Dairy Farmers (UDF),4b4f61d7f964a520280427e3,39.10845997522163,-84.49742449383109,Ice Cream Shop
300,Mt. Adams,1,39.10823021406872,-84.49760670790124,Starbucks,4d24b61f2ac6f04df3803745,39.1031400988486,-84.50519053716704,Coffee Shop
301,Mt. Adams,1,39.10823021406872,-84.49760670790124,Bar 506 @ The Phelps,4d966f48647d8cfac350ba3d,39.101600125831276,-84.50433040793293,Bar
302,Mt. Adams,1,39.10823021406872,-84.49760670790124,Monk's Cove,4b919013f964a520d7c533e3,39.10789977788325,-84.4976498443622,Bar
303,Mt. Adams,1,39.10823021406872,-84.49760670790124,Tavern On The Hill,517eec58e4b0481fba059396,39.10817796843191,-84.4976822344407,Sports Bar
304,Mt. Adams,1,39.10823021406872,-84.49760670790124,Pendleton Ice Cream Parlour,5bb7e2bf95a722002c0cd274,39.110235,-84.508439,Ice Cream Shop
305,North Avondale,1,39.15630128013693,-84.47970383268174,Ryan's Pub,4bbe9776b083a5934656a2e9,39.149724777758436,-84.47459780054669,Pub
306,Columbia Tusculum,1,39.11402263639894,-84.43619770013959,The Precinct,4b490fe5f964a520396426e3,39.11716332760182,-84.43970807146235,Steakhouse
307,Columbia Tusculum,1,39.11402263639894,-84.43619770013959,Pearl's,551c30ec498edf9af2c49a07,39.11614997648562,-84.43898972878341,Bar
308,Columbia Tusculum,1,39.11402263639894,-84.43619770013959,Streetside Brewery,57e6fea3498e425ed4b9ccd6,39.10919256471454,-84.43294652581494,Brewery
309,Columbia Tusculum,1,39.11402263639894,-84.43619770013959,Starbucks,4b4a4921f964a5204b8226e3,39.11550600095668,-84.43638206635728,Coffee Shop
310,Columbia Tusculum,1,39.11402263639894,-84.43619770013959,Green Dog Cafe,4b4a2c79f964a520587d26e3,39.11575306611054,-84.43779941593183,Café
311,Columbia Tusculum,1,39.11402263639894,-84.43619770013959,The Hi-Mark,59694c7d1c0b340d4a9903a4,39.11850284807575,-84.4438652527693,Bar
312,Columbia Tusculum,1,39.11402263639894,-84.43619770013959,Tostado's Grill,4b490f76f964a520236426e3,39.11666764640575,-84.43942646125417,Karaoke Bar
313,Columbia Tusculum,1,39.11402263639894,-84.43619770013959,Stanley's,4ba4566cf964a520ff9638e3,39.11494461142224,-84.43729456959377,Bar
314,Westwood,2,39.1483600001865,-84.61269401300812,United Dairy Farmers (UDF),4be3ffb2d27a20a1ce6b935b,39.149015111872146,-84.61227136729264,Ice Cream Shop
315,Westwood,2,39.1483600001865,-84.61269401300812,Starbucks,4bbc8f2d3de8c9b6fa149bad,39.144694678463246,-84.61954993590666,Coffee Shop
316,Westwood,2,39.1483600001865,-84.61269401300812,Orange Leaf,501bff08e4b050c6faa97048,39.1438053420369,-84.62247695040719,Ice Cream Shop
317,Westwood,2,39.1483600001865,-84.61269401300812,Rooties,4b8dcb4bf964a520070e33e3,39.15598586690003,-84.60964208240055,Bar
318,Westwood,2,39.1483600001865,-84.61269401300812,Fogartys Irish Pub,4becbff9d5510f47aeffcc6c,39.156492496019965,-84.61009991302419,Bar
319,Westwood,2,39.1483600001865,-84.61269401300812,The Public House,4f7542ebe4b00446b3750d18,39.15581,-84.60667,Bar
320,Westwood,2,39.1483600001865,-84.61269401300812,Outback Steakhouse,4c22aa8d11de20a1c04c85ce,39.14342878236313,-84.62013456969657,Steakhouse
321,Westwood,2,39.1483600001865,-84.61269401300812,Maury's Tiny Cove,4b58744df964a5208c5828e3,39.157207760516094,-84.61364665649701,Steakhouse
322,Westwood,2,39.1483600001865,-84.61269401300812,Game Time Sports Bar & Grill,4f640e81e4b075c712d881f0,39.15583689910999,-84.60974892136034,Sports Bar
323,Westwood,2,39.1483600001865,-84.61269401300812,Dunkin',4b676140f964a520654b2be3,39.1409921,-84.618431,Donut Shop
324,Westwood,2,39.1483600001865,-84.61269401300812,Babes Cafe,4c354321452620a14b99260f,39.14900689889023,-84.6129197225388,Bar
325,Westwood,2,39.1483600001865,-84.61269401300812,Roswell's,4ba16b4df964a5205cb537e3,39.1558530948666,-84.61143192803374,Bar
326,Westwood,2,39.1483600001865,-84.61269401300812,Keller's,4ba05112f964a520056837e3,39.15601848807167,-84.6112802886673,Bar
327,Westwood,2,39.1483600001865,-84.61269401300812,Cheviot Tavern,4b76282ef964a52096402ee3,39.15588602090635,-84.6098188249395,Bar
328,Westwood,2,39.1483600001865,-84.61269401300812,Smokin Monkey,4bb6a0bb6edc76b02149311c,39.15643981058877,-84.61183045134862,Bar
329,Westwood,2,39.1483600001865,-84.61269401300812,Skins Place,4ba18994f964a520f4be37e3,39.15579231567381,-84.60823186942528,Bar
330,Westwood,2,39.1483600001865,-84.61269401300812,Dean's Hops & Vine,54c2e770498e2e5544fa7fca,39.156640258603325,-84.61205445493927,Bar
331,West Price Hill,2,39.122451299273024,-84.60166698364966,Graeter's Ice Cream,4b5a446bf964a520c1b828e3,39.129687028526796,-84.60045466533444,Ice Cream Shop
332,West Price Hill,2,39.122451299273024,-84.60166698364966,United Dairy Farmers (UDF),4bcddf23511f9521de53b5c7,39.1181583803632,-84.59953676380633,Ice Cream Shop
333,West Price Hill,2,39.122451299273024,-84.60166698364966,Tom & Jerry's Sports Bar and Grill,4c2812793492a593f7edb628,39.128083379623476,-84.60735466787595,Karaoke Bar
334,West Price Hill,2,39.122451299273024,-84.60166698364966,La Petite Salon,4bc633f8d35d9c748056e23a,39.12358577985977,-84.60679921728115,Salon / Barbershop
335,Over-the-Rhine,2,39.110469989489104,-84.51154975823061,Longfellow,589f74662c55ec7cf24bb656,39.109734409655424,-84.51270379561795,Bar
336,Over-the-Rhine,2,39.110469989489104,-84.51154975823061,Pins Mechanical Co.,5bf0a9dfe65d0c002c514419,39.10854820517929,-84.51150686145472,Bar
337,Over-the-Rhine,2,39.110469989489104,-84.51154975823061,MOTR Pub,4c6c144a6af58cfa33c08517,39.1111109,-84.5122466,Bar
338,Over-the-Rhine,2,39.110469989489104,-84.51154975823061,Collective Espresso,50676887e4b0bb2af9c18911,39.11062863273613,-84.51171256306424,Coffee Shop
339,Over-the-Rhine,2,39.110469989489104,-84.51154975823061,Japp's Since 1879,4ce30b2b7e9b721e823334f1,39.10872623986601,-84.51178367571848,Cocktail Bar
340,Over-the-Rhine,2,39.110469989489104,-84.51154975823061,The Pony,59fa5ce86f0aa23a208a487f,39.1111046210156,-84.51209277443574,Bar
341,Over-the-Rhine,2,39.110469989489104,-84.51154975823061,Coffee Emporium,4b460755f964a5207d1426e3,39.10749750998573,-84.51238976791237,Coffee Shop
342,Over-the-Rhine,2,39.110469989489104,-84.51154975823061,Boba Cha,537f99ee498e2e6e70de2c35,39.11291911958161,-84.51253537099717,Bubble Tea Shop
343,Over-the-Rhine,2,39.110469989489104,-84.51154975823061,Graeter's Ice Cream,52c755d911d2faa81232fbc7,39.1106617,-84.5155246,Ice Cream Shop
344,Over-the-Rhine,2,39.110469989489104,-84.51154975823061,LouVino OTR,5b76302cbe70780039cf7049,39.10903216505552,-84.51152331439272,Wine Bar
345,Over-the-Rhine,2,39.110469989489104,-84.51154975823061,Liberty's Bar & Bottle,541cf4a6498e78ca0871851c,39.11221229776944,-84.51242622036936,Bar
346,Over-the-Rhine,2,39.110469989489104,-84.51154975823061,Senate Restaurant,4b7c72d2f964a5200c942fe3,39.10869581272631,-84.51481862131597,Gastropub
347,Over-the-Rhine,2,39.110469989489104,-84.51154975823061,The Cabaret,4d966ca4a2c6548177f1bf53,39.108487187685036,-84.51296386057813,Gay Bar
348,Over-the-Rhine,2,39.110469989489104,-84.51154975823061,1215 Wine Bar & Coffee Lab,4f349e4ee4b0debe1e46886a,39.10885067861751,-84.51501413009079,Coffee Shop
349,Over-the-Rhine,2,39.110469989489104,-84.51154975823061,Holtman's Donut Shop,520adbb8bce685c2b3858b2a,39.110494285115905,-84.51536888740317,Donut Shop
350,Over-the-Rhine,2,39.110469989489104,-84.51154975823061,Urbana Cafe,56705900498e2a5eecf26ca4,39.109912,-84.508293,Coffee Shop
351,Over-the-Rhine,2,39.110469989489104,-84.51154975823061,rhinehaus,507ad9a5e4b04c2b97f7a51b,39.10854353348844,-84.51241364260267,Sports Bar
352,Over-the-Rhine,2,39.110469989489104,-84.51154975823061,Sundry and Vice,55156c74498ece57a4ab8508,39.10937838604377,-84.5158521450369,Cocktail Bar
353,Over-the-Rhine,2,39.110469989489104,-84.51154975823061,Below Zero Lounge,4b525090f964a520b57627e3,39.108456922384576,-84.51301040154883,Cocktail Bar
354,Over-the-Rhine,2,39.110469989489104,-84.51154975823061,Krueger's Tavern,548a3ae3498e96c3ac6dbf16,39.10861,-84.51514,Gastropub
355,Over-the-Rhine,2,39.110469989489104,-84.51154975823061,Taft's Ale House,54e8dc93498e2565b4a9f267,39.11137752027737,-84.51747639808683,Brewery
356,Over-the-Rhine,2,39.110469989489104,-84.51154975823061,LOCOBA By Platform,5a76021fda70802ddac0a5b0,39.108749496279046,-84.5116733521384,Beer Bar
357,Over-the-Rhine,2,39.110469989489104,-84.51154975823061,3 Points Urban Brewery,5b035ade61e53b002c2f61cf,39.1102278091504,-84.50860114269034,Brewery
358,Over-the-Rhine,2,39.110469989489104,-84.51154975823061,Low Spark,562be423498e2c64faa4d476,39.110488150536774,-84.51618023143342,Bar
359,Over-the-Rhine,2,39.110469989489104,-84.51154975823061,The Lackman,4c93cb6572dd224bb0f59391,39.109409348560284,-84.51510163493671,Bar
360,Over-the-Rhine,2,39.110469989489104,-84.51154975823061,Revel,58f01cdffe374020c816e397,39.108567039438306,-84.51268691112385,Wine Bar
361,Over-the-Rhine,2,39.110469989489104,-84.51154975823061,Halfcut,534f32a311d253671ecb1c6f,39.10852089636924,-84.51307969352193,Bar
362,Over-the-Rhine,2,39.110469989489104,-84.51154975823061,Iris Bookcafé,4b4cfa0ff964a52049c626e3,39.11075271724542,-84.51214714217619,Coffee Shop
363,Over-the-Rhine,2,39.110469989489104,-84.51154975823061,Cheapside Cafe,53760551498e68b83d4e746c,39.10544225068649,-84.50773946152565,Café
364,Over-the-Rhine,2,39.110469989489104,-84.51154975823061,Arnold's Bar & Grill,4b3d1320f964a520588d25e3,39.1049774191832,-84.51020930995345,Bar
365,Over-the-Rhine,2,39.110469989489104,-84.51154975823061,Kitty's Coffee,4b74d41df964a52043f42de3,39.10684241320802,-84.51197621656635,Coffee Shop
366,Over-the-Rhine,2,39.110469989489104,-84.51154975823061,Christian Moerlein Malt House Taproom,51a0f7c5498e1831035afb60,39.11378610161983,-84.51492325104212,Beer Bar
367,Over-the-Rhine,2,39.110469989489104,-84.51154975823061,Milton's - The Prospect Hill Tavern,4b45d7b5f964a520141126e3,39.1135171691661,-84.51070744765669,Bar
368,Over-the-Rhine,2,39.110469989489104,-84.51154975823061,The Rook OTR,57437f8a498e186b926d647c,39.10771725462246,-84.51479594998915,Gaming Cafe
369,Over-the-Rhine,2,39.110469989489104,-84.51154975823061,Jeff Ruby's Steakhouse,4b92ff3af964a520842d34e3,39.103869041806995,-84.5119588516162,Steakhouse
370,Over-the-Rhine,2,39.110469989489104,-84.51154975823061,Cafe De Paris,4ba8cd26f964a52007f039e3,39.104384104001454,-84.51450141553399,Café
371,Over-the-Rhine,2,39.110469989489104,-84.51154975823061,Queen City Exchange,57f8fbf4498ecadc3af56807,39.1060916821933,-84.51535323559246,Bar
372,Over-the-Rhine,2,39.110469989489104,-84.51154975823061,Christian Moerlein Brewery Co,4c94f855533aa093c363c445,39.113941855492776,-84.51512978547568,Brewery
373,Over-the-Rhine,2,39.110469989489104,-84.51154975823061,Knockback Nat's,4b47f539f964a5201b4526e3,39.1037127711672,-84.51388574348721,Bar
374,Hyde Park,2,39.1411252106136,-84.4216012315913,Dutch's,4c54d2c4a724e21ec025fcf6,39.14140395936204,-84.4216567039579,Wine Bar
375,Hyde Park,2,39.1411252106136,-84.4216012315913,Coffee Emporium,4b488c39f964a5201e4f26e3,39.141559820785254,-84.42425000222386,Coffee Shop
376,Hyde Park,2,39.1411252106136,-84.4216012315913,United Dairy Farmers (UDF),4b5a24eff964a5200fb028e3,39.14169348172667,-84.42266404216139,Ice Cream Shop
377,Hyde Park,2,39.1411252106136,-84.4216012315913,Great Clips,4b99946ef964a520218535e3,39.14513378912449,-84.42904747556895,Salon / Barbershop
378,Hyde Park,2,39.1411252106136,-84.4216012315913,Hap's Irish Pub,4c288a529eb195210e882959,39.141239284602754,-84.4187242853817,Bar
379,Hyde Park,2,39.1411252106136,-84.4216012315913,Starbucks,4b56886bf964a5203a1428e3,39.144689,-84.429488,Coffee Shop
380,Hyde Park,2,39.1411252106136,-84.4216012315913,Starbucks - Hyde Park Plaza,5a68993d911fc45bf379b894,39.145885,-84.429012,Coffee Shop
381,Hyde Park,2,39.1411252106136,-84.4216012315913,Coffee Emporium,4f32943e19836c91c7e58e13,39.146679,-84.421663,Coffee Shop
382,Hyde Park,2,39.1411252106136,-84.4216012315913,Avalon Salon & Aesthetic Day Spa,4bc788e58b7c9c7452a436cf,39.1463302,-84.4270939,Salon / Barbershop
383,Hyde Park,2,39.1411252106136,-84.4216012315913,Milk Bar Cafe,5b9577d112c8f0002c799554,39.146855,-84.426847,Café
384,Hyde Park,2,39.1411252106136,-84.4216012315913,2x4,4bca7547fb84c9b672521d3e,39.13299982,-84.418819,Bar
