,Neighborhood,BusinessDistrict,NeighborhoodLatitude,NeighborhoodLongitude,VenueName,VenueId,VenueLatitude,VenueLongitude,VenueCategory
0,Linwood,0,39.10421310033149,-84.41592374751214,Dennert H Distribtg,4f32494419836c91c7c8b7f7,39.108777,-84.421232,Wine Bar
1,East Walnut Hills,1,39.128889442414376,-84.47682324096525,The Woodburn Brewery & Taproom,55461bf6498eac118325e62e,39.12902950108561,-84.47689212564786,Beer Bar
2,East Walnut Hills,1,39.128889442414376,-84.47682324096525,Myrtle's Punch House,5473d783498ec0bbca9021d6,39.12427648726077,-84.47612998549117,Cocktail Bar
3,East Walnut Hills,1,39.128889442414376,-84.47682324096525,The Growler House,545d54ab498ea427d9af9d2d,39.12976298108536,-84.47777772520168,Bar
4,East Walnut Hills,1,39.128889442414376,-84.47682324096525,BrewRiver Gastropub,4fea02ede5e8dfeeb65b5000,39.1217582153985,-84.47502650077149,Gastropub
5,East Walnut Hills,1,39.128889442414376,-84.47682324096525,The Skunk Lounge,5182cdbd498e1c1b38b47f1c,39.124213166271716,-84.4762458258699,Lounge
6,East Walnut Hills,1,39.128889442414376,-84.47682324096525,Cliche,5d6459abca17630008abf539,39.12382,-84.47704,Bar
7,Queensgate,0,39.108472203165405,-84.53375798068345,City West Brewing Company,580ceb4a38faa26bf32db135,39.108208,-84.525736,Brewery
8,Queensgate,0,39.108472203165405,-84.53375798068345,The Playhouse,4e9a404977c807974bd69725,39.106017120000004,-84.5415026,Bar
9,Queensgate,0,39.108472203165405,-84.53375798068345,Royal Imports,4f3246f419836c91c7c7cd1e,39.102755,-84.526398,Wine Bar
10,Mt. Washington,1,39.093073762068094,-84.387446668407,London Bridge,4c3942f22c8020a1fe7e8c00,39.09286944778113,-84.38715802900683,Bar
11,Mt. Washington,1,39.093073762068094,-84.387446668407,Lisa's Pool Square,4bd2566ab221c9b68494d7d0,39.090693,-84.38599,Bar
12,Mt. Washington,1,39.093073762068094,-84.387446668407,Towerview Sports Pub,4bc633cdf360ef3b3952db2d,39.087881337027746,-84.3898912529984,Bar
13,Mt. Washington,1,39.093073762068094,-84.387446668407,Holly's Porch,585b1ea7d98f364405b255c3,39.09684,-84.38026,Bar
14,Northside,1,39.16079490680447,-84.53894591579758,Listing Loon,51e5e417498efc97bd300341,39.16101341459633,-84.53923915286566,Bar
15,Northside,1,39.16079490680447,-84.53894591579758,Northside Tavern,4b0220f4f964a520eb4722e3,39.16241984802255,-84.5397728184591,Bar
16,Northside,1,39.16079490680447,-84.53894591579758,The Littlefield,53b74740498e8cb5722a80a2,39.15776885417835,-84.53993060021422,Whisky Bar
17,Northside,1,39.16079490680447,-84.53894591579758,Urban Artifact,51fd186b498ecee282bedc11,39.16070776180669,-84.54202838894602,Brewery
18,Northside,1,39.16079490680447,-84.53894591579758,Higher Gravity,594b106b4f0e58337b597cd4,39.16037853800181,-84.53911406939046,Beer Bar
19,Northside,1,39.16079490680447,-84.53894591579758,Tillie's,550df681498e069e34c6a140,39.15987767626711,-84.5392379143101,Cocktail Bar
20,Northside,1,39.16079490680447,-84.53894591579758,C&D Cafe,4b7cea70f964a52024a92fe3,39.162653732078056,-84.5447903148133,Dive Bar
21,Northside,1,39.16079490680447,-84.53894591579758,Northside Yacht Club,55408ab6498ed666a6c0e667,39.15968175870918,-84.5326793303467,Bar
22,Northside,1,39.16079490680447,-84.53894591579758,Boswell's,50410e82e4b05127f7861cf3,39.16065068359944,-84.54343962182978,Pub
23,Northside,1,39.16079490680447,-84.53894591579758,Chameleon,4e0eabc4d22d8582bdc1fa22,39.16063131592701,-84.53924340767132,Bar
24,Northside,1,39.16079490680447,-84.53894591579758,Junker's Tavern,4b67b350f964a5204e5b2be3,39.16312546012622,-84.53811239773194,Dive Bar
25,Northside,1,39.16079490680447,-84.53894591579758,The Hamilton,58d48a888190797405c44800,39.15952,-84.53969,Bar
26,Northside,1,39.16079490680447,-84.53894591579758,blue rock tavern,4b67ccb4f964a520075e2be3,39.16062418616657,-84.53945801638017,Bar
27,Northside,1,39.16079490680447,-84.53894591579758,Humble Monk Brewing,5c46289995d986002c0e9495,39.16007,-84.541606,Brewery
28,Northside,1,39.16079490680447,-84.53894591579758,Second Place,58368b204bafb719b07ac9f2,39.15777260654955,-84.53985132021091,Sports Bar
29,Roselawn,1,39.19999808510147,-84.45680071034724,scottinis sports bar & grill,5610a75a498e765276cceabc,39.199022,-84.457477,Pub
30,Roselawn,1,39.19999808510147,-84.45680071034724,nephews,4f126ef2e4b0678411df99bc,39.19857510769898,-84.45800150297924,Bar
31,Roselawn,1,39.19999808510147,-84.45680071034724,Sriya,4f324a6a19836c91c7c92a9e,39.199072,-84.457622,Wine Bar
32,Roselawn,1,39.19999808510147,-84.45680071034724,Vitos Bar,4ca1574146978cfa5fa4bb7f,39.20273244380951,-84.45506930351257,Bar
33,Roselawn,1,39.19999808510147,-84.45680071034724,Gentile Peninsula,4d4f4a34dcce224b3352cc1b,39.1967,-84.44865882396698,Bar
34,Roselawn,1,39.19999808510147,-84.45680071034724,Ladies and Gentlemens Club,5359c47d498e64c7c3fdd9c4,39.19854322524968,-84.4661199816243,Bar
35,Roselawn,1,39.19999808510147,-84.45680071034724,American Homeowner Preservation,4b7d55fef964a520e1b82fe3,39.192121,-84.461407,Karaoke Bar
36,Walnut Hills,1,39.12928125579373,-84.49029876479503,Landlocked Social House,5834e157460dd95c693620b8,39.12643156692403,-84.4960768684641,Bar
37,West Price Hill,1,39.11398241313046,-84.58183845989042,Tim's 52 Bar,4ca6604b44a8224bfdb10240,39.114119121485196,-84.58024650424733,Bar
38,West Price Hill,1,39.11398241313046,-84.58183845989042,Western Hills Eagles Bar,50baaba3498e6c9d601c9b5a,39.11317501543221,-84.578775319314,Bar
39,West Price Hill,1,39.11398241313046,-84.58183845989042,Fraternal Order of Eagles #2203,4f766610e4b05cde5fe74ee3,39.11425771137005,-84.57731239865512,Bar
40,West Price Hill,1,39.11398241313046,-84.58183845989042,Sunset Pub,4baea8a9f964a520f1cb3be3,39.1072962624676,-84.58549336787314,Dive Bar
41,West Price Hill,1,39.11398241313046,-84.58183845989042,Trenton Tavern,4c83068ed34ca143e1593280,39.10730083167288,-84.58820157638453,Bar
42,West End,1,39.10911838251127,-84.5281334741158,Taft's Ale House,54e8dc93498e2565b4a9f267,39.11137752027737,-84.51747639808683,Brewery
43,West End,1,39.10911838251127,-84.5281334741158,Nellie's Tap Room,5584a3b5498e999a9a5dd065,39.11139677487559,-84.51738219704508,Bar
44,West End,1,39.10911838251127,-84.5281334741158,Samuel Adams Brewery,4beb4c0aa9900f4720b11740,39.11370558065025,-84.52211908474462,Brewery
45,West End,1,39.10911838251127,-84.5281334741158,Vestry,56a42395498ecb516ac96e96,39.10787282544827,-84.51814150346254,Cocktail Bar
46,West End,1,39.10911838251127,-84.5281334741158,Samuel Adams Cincinnati Taproom,5beb8e6e396de03b4d3c7865,39.11480683465462,-84.5210402126649,Beer Bar
47,West End,1,39.10911838251127,-84.5281334741158,Plum Court Wine Room,4c2d0fc6987f20a1e7cb48aa,39.105415,-84.51901195,Lounge
48,Spring Grove Village,0,39.17732337604403,-84.52275019447205,Brewboss Bottle Bar,5abfa8af9ef8ef117681eeb7,39.174343,-84.51528,Bar
49,Bond Hill,1,39.17615861373958,-84.46679405189505,The New Liebs,4f32c49019836c91c7f861f6,39.173863,-84.457597,Bar
50,Bond Hill,1,39.17615861373958,-84.46679405189505,Sonny's,4c490fd576fbb713e37c5774,39.17601857477551,-84.4765278222116,Bar
51,Bond Hill,1,39.17615861373958,-84.46679405189505,The Jolly Polack,50ee347fe4b072e7dc35f1c5,39.173675,-84.456229,Pub
52,Mt. Auburn,0,39.11925582932078,-84.5087745103549,Liberty's Bar & Bottle,541cf4a6498e78ca0871851c,39.11221229776944,-84.51242622036936,Bar
53,Mt. Auburn,0,39.11925582932078,-84.5087745103549,MOTR Pub,4c6c144a6af58cfa33c08517,39.1111109,-84.5122466,Bar
54,Mt. Auburn,0,39.11925582932078,-84.5087745103549,Milton's - The Prospect Hill Tavern,4b45d7b5f964a520141126e3,39.1135171691661,-84.51070744765669,Bar
55,Mt. Auburn,0,39.11925582932078,-84.5087745103549,The Pony,59fa5ce86f0aa23a208a487f,39.1111046210156,-84.51209277443574,Bar
56,Mt. Auburn,0,39.11925582932078,-84.5087745103549,Christian Moerlein Malt House Taproom,51a0f7c5498e1831035afb60,39.11378610161983,-84.51492325104212,Beer Bar
57,Mt. Auburn,0,39.11925582932078,-84.5087745103549,Christian Moerlein Brewery Co,4c94f855533aa093c363c445,39.113941855492776,-84.51512978547568,Brewery
58,Mt. Auburn,0,39.11925582932078,-84.5087745103549,Mecca,58268f1c878188626a7027a1,39.112001846392594,-84.5144816932454,Lounge
59,Mt. Auburn,0,39.11925582932078,-84.5087745103549,Home Base Tavern,4cf2008b1d18a143699857ec,39.126206,-84.512783,Gay Bar
60,Mt. Auburn,0,39.11925582932078,-84.5087745103549,Buzzed Bull Creamery,5913a19b5c6838779b4a23c3,39.1114217,-84.5120256,Ice Cream Shop
61,Sedamsville,0,39.09460244576061,-84.56437376532315,Knights Of Columbus,4d83e2b5f9f3a1cd5851aa64,39.08737063718909,-84.5580556965,Sports Bar
62,Sayler Park,1,39.112553643268164,-84.6917961931421,G Pessler Keg Dock Hudy and Burger Draft Beers,4f32b01e19836c91c7effd77,39.114806,-84.687795,Wine Bar
63,Sayler Park,1,39.112553643268164,-84.6917961931421,Dans Drive Thru,4f43a80219834bc91f5813c7,39.10657,-84.687225,Wine Bar
64,Mt. Lookout,1,39.12901820207263,-84.4300783299096,Zip's Cafe,4b4266f8f964a52030d325e3,39.12976484739373,-84.42948565665,Pub
65,Mt. Lookout,1,39.12901820207263,-84.4300783299096,Mt. Lookout Tavern,4b377606f964a520334125e3,39.12803783988079,-84.43027496337889,Bar
66,Mt. Lookout,1,39.12901820207263,-84.4300783299096,transition bar,50c227aee4b0723643d02610,39.130411114153006,-84.43037311649242,Bar
67,Mt. Lookout,1,39.12901820207263,-84.4300783299096,Wurst Bar,5148ee61e4b0ff29e13e5408,39.12833263084554,-84.43010744663617,Gastropub
68,Mt. Lookout,1,39.12901820207263,-84.4300783299096,Millions Cafe,4b36ddf1f964a520923d25e3,39.1281992283863,-84.43019781969927,Bar
69,Mt. Lookout,1,39.12901820207263,-84.4300783299096,Mount Lookout Tavern,4ea0f27bb8f7e4911dff82f0,39.127992784840224,-84.43050200813082,Bar
70,Mt. Lookout,1,39.12901820207263,-84.4300783299096,Muz's,4b461167f964a520571526e3,39.130495257753346,-84.43048257627636,Bar
71,Hartwell,1,39.21248084544221,-84.47491094110256,The Vogue,4bc7b90aaf07a59341d17f2d,39.21696541040224,-84.47390763852704,Bar
72,Hartwell,1,39.21248084544221,-84.47491094110256,No Drama,50b1be83e4b03b4497f5924a,39.20740440813555,-84.47487273559273,Dive Bar
73,Hartwell,1,39.21248084544221,-84.47491094110256,Kickbacks Cincy,591cfc16c824ae428e5de163,39.20737756422984,-84.47475948562335,Sports Bar
74,Hartwell,1,39.21248084544221,-84.47491094110256,R Reinhardt Services,4f32c9bc19836c91c7fab122,39.205554,-84.470117,Bar
75,Avondale,1,39.144072024912866,-84.49924556960545,Construction,4f186e27e4b0b34551d96f3c,39.13919851454625,-84.50145093329593,Lounge
76,Avondale,1,39.144072024912866,-84.49924556960545,Studio Cafe,4ee2e87129c220f9703ee3cb,39.13560314958136,-84.4968718213027,Bar
77,Avondale,1,39.144072024912866,-84.49924556960545,VIP Lounge,4c413f053735be9af13f18a4,39.13550082623111,-84.4967079090665,Lounge
78,Hyde Park,1,39.1389318612636,-84.442504037832,Unwind Wine Bar,5099918be4b084fe1d6b05b1,39.138732577035164,-84.44204252086186,Wine Bar
79,Hyde Park,1,39.1389318612636,-84.442504037832,Awakenings Coffee & Tea Co.,4b49f086f964a5205e7626e3,39.13964587193228,-84.44192986173108,Wine Bar
80,Hyde Park,1,39.1389318612636,-84.442504037832,Hyde Perk,59459d974c9be621914b3622,39.144278053069996,-84.44202579894657,Coffee Shop
81,Hyde Park,1,39.1389318612636,-84.442504037832,Beluga,4b49105ff964a5204d6426e3,39.140426766181804,-84.44306855867443,Lounge
82,Hyde Park,1,39.1389318612636,-84.442504037832,Rusty Bucket Corner Tavern,4b58935af964a5201e5f28e3,39.14741762812708,-84.44293351391258,Pub
83,Hyde Park,1,39.1389318612636,-84.442504037832,Cock & Bull Public House Hyde Park Square,4dda8ed8d4c05d50973347a4,39.13948184942455,-84.44347814469887,Pub
84,Hyde Park,1,39.1389318612636,-84.442504037832,The Establishment,4b450157f964a520fb0026e3,39.14447434149724,-84.435464794397,Pub
85,Hyde Park,1,39.1389318612636,-84.442504037832,R.P. McMurphy's,4b45012cf964a520f20026e3,39.14448448479467,-84.43510219958608,Pub
86,Lower Price Hill,1,39.105010040061195,-84.55303231112518,Incline Public House,510b31d8e4b0af95690b8a71,39.105421615253604,-84.55663717791839,Gastropub
87,Lower Price Hill,1,39.105010040061195,-84.55303231112518,Holy Family Gym Club Room,4f974aa0e4b095799d84b236,39.106922,-84.561825,Bar
88,Lower Price Hill,1,39.105010040061195,-84.55303231112518,Somm,5753994f498ef77714604e27,39.10681169224108,-84.56249619732502,Bar
89,Evanston,1,39.145443145858565,-84.46906225816373,Listermann Brewing Co.,4b6b50caf964a52056002ce3,39.14647002621151,-84.47223720801455,Brewery
90,Evanston,1,39.145443145858565,-84.46906225816373,Dana Gardens,4b443f7df964a5200af325e3,39.146279995126655,-84.46640228945151,Bar
91,Evanston,1,39.145443145858565,-84.46906225816373,Gordo's Pub & Grill,4c4f4c611d76c92835879d91,39.148122668266296,-84.46608781814575,Pub
92,Evanston,1,39.145443145858565,-84.46906225816373,D'Artagnan's Deck,54d2c4cb498e1c00b0666395,39.150267,-84.471961,Bar
93,Evanston,1,39.145443145858565,-84.46906225816373,Ryan's Pub,4bbe9776b083a5934656a2e9,39.149724777758436,-84.47459780054669,Pub
94,Evanston,1,39.145443145858565,-84.46906225816373,Cold N Quick Drive-Thru,4f32602519836c91c7d1a736,39.145675,-84.460439,Wine Bar
95,Camp Washington,1,39.13679019874358,-84.53758316123972,Rhinegeist Brewery,5c8af7c16e4650002c478bb0,39.141041,-84.542518,Brewery
96,College Hill,1,39.20030213790457,-84.54686198326684,Brink Brewing Company,582df9a7d22e7b483c68f866,39.19900115666765,-84.54695478439524,Brewery
97,College Hill,1,39.20030213790457,-84.54686198326684,Marty's Hops and Vines,4b58abedf964a520e56428e3,39.202214899555415,-84.54751349977161,Wine Bar
98,College Hill,1,39.20030213790457,-84.54686198326684,Shakers night club,4d0d9d07903d3704eb70c555,39.19877757395877,-84.54644435910471,Bar
99,College Hill,1,39.20030213790457,-84.54686198326684,Campbells Corner Pub,5159a8c4e4b0648154169c5c,39.20252,-84.53843,Bar
100,Clifton,1,39.14302280375853,-84.52005776166956,Bohemian Hookah Cafe,4f5422a7e4b0ee60bad4d8df,39.143878579655365,-84.52109138810017,Hookah Bar
101,Clifton,1,39.14302280375853,-84.52005776166956,Ludlow Wines,4fca8047e4b0605a490b81ee,39.143625852679854,-84.52107999311805,Wine Bar
102,Clifton,1,39.14302280375853,-84.52005776166956,Fries Cafe,4b75de56f964a520bf2a2ee3,39.13970764773503,-84.51277289849145,Bar
103,Clifton,1,39.14302280375853,-84.52005776166956,Sitwell's Coffee House,4b42b57bf964a52007d925e3,39.14375923829778,-84.52054370089253,Coffee Shop
104,Clifton,1,39.14302280375853,-84.52005776166956,Arlin's Bar & Garden,4b43778bf964a5200ce125e3,39.14341445712006,-84.51939054235577,Bar
105,East Price Hill,1,39.11170118303134,-84.5688124854708,Private J's,4ed1e199d3e3521ce7805260,39.110535912953765,-84.57049858962645,Bar
106,East Price Hill,1,39.11170118303134,-84.5688124854708,Paradise lounge,4deee360fa76c1ceac864535,39.10961175917354,-84.57158560356254,Bar
107,East Price Hill,1,39.11170118303134,-84.5688124854708,common roots,57d37360498e04743ef49243,39.106307,-84.573047,Bar
108,East Price Hill,1,39.11170118303134,-84.5688124854708,Somm,5753994f498ef77714604e27,39.10681169224108,-84.56249619732502,Bar
109,East Price Hill,1,39.11170118303134,-84.5688124854708,Fraternal Order of Eagles #2203,4f766610e4b05cde5fe74ee3,39.11425771137005,-84.57731239865512,Bar
110,East Price Hill,1,39.11170118303134,-84.5688124854708,Holy Family Gym Club Room,4f974aa0e4b095799d84b236,39.106922,-84.561825,Bar
111,East Price Hill,1,39.11170118303134,-84.5688124854708,Western Hills Eagles Bar,50baaba3498e6c9d601c9b5a,39.11317501543221,-84.578775319314,Bar
112,Clifton Heights,1,39.12813537616496,-84.51713714709862,The Brass Tap,52470ce911d2a19e0db8895b,39.12838950217945,-84.51727551025942,Bar
113,Clifton Heights,1,39.12813537616496,-84.51713714709862,Mac's Pizza Pub,4b43637ff964a52060df25e3,39.1277297,-84.5196153,Bar
114,Clifton Heights,1,39.12813537616496,-84.51713714709862,Catskeller,4b4a3a80f964a520bb7f26e3,39.13176948536015,-84.51726105704032,Bar
115,Clifton Heights,1,39.12813537616496,-84.51713714709862,Murphy's Pub,4b47e3bef964a520f24226e3,39.12465944246241,-84.5199276026485,Bar
116,Clifton Heights,1,39.12813537616496,-84.51713714709862,Taste of Belgium - Clifton,526171ac11d2bd1db179ae60,39.13227327622119,-84.5094078549034,Gastropub
117,Clifton Heights,1,39.12813537616496,-84.51713714709862,Hookah Cafe,4b526b60f964a520637c27e3,39.128165344455404,-84.51405839523511,Hookah Bar
118,Clifton Heights,1,39.12813537616496,-84.51713714709862,Home Base Tavern,4cf2008b1d18a143699857ec,39.126206,-84.512783,Gay Bar
119,Clifton Heights,1,39.12813537616496,-84.51713714709862,The St. Clair,51f19534498ebc483f3c4abb,39.12831377348315,-84.51693800110203,Cocktail Bar
120,Clifton Heights,1,39.12813537616496,-84.51713714709862,Dive Bar,4db098dccda14b702a34a91d,39.12951029700285,-84.50946108868612,Dive Bar
121,Clifton Heights,1,39.12813537616496,-84.51713714709862,Uncle Woody's,4b5b260df964a5208fe628e3,39.12844312066113,-84.51995402446079,Bar
122,Clifton Heights,1,39.12813537616496,-84.51713714709862,Rathskeller,4d5affc159ee2d4366799059,39.12755048503817,-84.51820979287034,Pub
123,Clifton Heights,1,39.12813537616496,-84.51713714709862,The Dime,5855b0d06431e554e169ee7f,39.1296,-84.509883,Bar
124,Clifton Heights,1,39.12813537616496,-84.51713714709862,Daniels Pub,4c71d5d39e706dcbf0854962,39.131635736868645,-84.50964644307618,Bar
125,South Fairmount,0,39.12831937577612,-84.55861467340993,Journey's End,4f32c53a19836c91c7f8acb2,39.131474,-84.562675,Bar
126,South Fairmount,0,39.12831937577612,-84.55861467340993,The Hood,4fb832d0e4b06c81e28ca26b,39.12607900577685,-84.55264691354874,Pub
127,South Fairmount,0,39.12831937577612,-84.55861467340993,The Church Of Frankl,4c6769e8b80abe9a6b3cd0e5,39.1287075217796,-84.56629327204797,Pub
128,North Fairmount,0,39.134844998676414,-84.55712164074703,Journey's End,4f32c53a19836c91c7f8acb2,39.131474,-84.562675,Bar
129,Downtown,0,39.10007429335191,-84.50975952674665,Aster On Fourth,5a4e9cc26bd36b1ecb142000,39.100030309495565,-84.51225388668136,Cocktail Bar
130,Downtown,0,39.10007429335191,-84.50975952674665,Moerlein Lager House,4bc5e8b3f360ef3b98c3da2d,39.09630279949856,-84.50879034764277,Gastropub
131,Downtown,0,39.10007429335191,-84.50975952674665,FOX Sports Ohio Champions Club,4bd47d86cfa7b713472724da,39.09733462865995,-84.50699167747423,Lounge
132,Downtown,0,39.10007429335191,-84.50975952674665,Arnold's Bar & Grill,4b3d1320f964a520588d25e3,39.1049774191832,-84.51020930995345,Bar
133,Downtown,0,39.10007429335191,-84.50975952674665,Holy Grail Tavern and Grille,4d8201a07252a1cdf3bba45d,39.09760718554319,-84.50895732141214,Bar
134,Downtown,0,39.10007429335191,-84.50975952674665,Knockback Nat's,4b47f539f964a5201b4526e3,39.1037127711672,-84.51388574348721,Bar
135,Downtown,0,39.10007429335191,-84.50975952674665,The Bar at Palm Court,4b87e5c1f964a520b7d131e3,39.1007538111442,-84.514493690248,Hotel Bar
136,Downtown,0,39.10007429335191,-84.50975952674665,21c Rooftop Bar,5192c468498e36e1e0b8a5c4,39.10326763946484,-84.51213119723822,Bar
137,Downtown,0,39.10007429335191,-84.50975952674665,Rock Bottom Restaurant & Brewery,4b3fe95ff964a520e5b125e3,39.1023862,-84.5125696,Brewery
138,Downtown,0,39.10007429335191,-84.50975952674665,Igby's,50481d09e4b0d1f2d8d750aa,39.10276930264024,-84.51100731878212,Bar
139,Downtown,0,39.10007429335191,-84.50975952674665,Righteous Room,4b4528c7f964a5209b0626e3,39.10377124741435,-84.51203038487587,Bar
140,Downtown,0,39.10007429335191,-84.50975952674665,The Stretch,5830d14765e7c7635dfebb23,39.097372196694984,-84.50933382469728,Bar
141,Downtown,0,39.10007429335191,-84.50975952674665,Tokyo Kitty,5a7a076195da0c68369b705f,39.10194269515349,-84.51494286668184,Karaoke Bar
142,Downtown,0,39.10007429335191,-84.50975952674665,Top of the Park - The Phelps,5244c309498efbc894b20926,39.1017048,-84.5046003,Bar
143,Downtown,0,39.10007429335191,-84.50975952674665,Kitty's Sports Grill,560c708e498e541b90075039,39.09808245681822,-84.51584163922493,Sports Bar
144,Downtown,0,39.10007429335191,-84.50975952674665,Reds Brewery District,533dceac498e9437c1d4b36b,39.09779408268108,-84.50808232534385,Beer Bar
145,Downtown,0,39.10007429335191,-84.50975952674665,Pins Mechanical Co.,5bf0a9dfe65d0c002c514419,39.10854820517929,-84.51150686145472,Bar
146,Downtown,0,39.10007429335191,-84.50975952674665,O' Malleys In The Alley,4b53c2b8f964a5208faa27e3,39.098755228017865,-84.5134441631116,Dive Bar
147,Downtown,0,39.10007429335191,-84.50975952674665,Queen City Exchange,57f8fbf4498ecadc3af56807,39.1060916821933,-84.51535323559246,Bar
148,Downtown,0,39.10007429335191,-84.50975952674665,The Cabaret,4d966ca4a2c6548177f1bf53,39.108487187685036,-84.51296386057813,Gay Bar
149,Downtown,0,39.10007429335191,-84.50975952674665,Japp's Since 1879,4ce30b2b7e9b721e823334f1,39.10872623986601,-84.51178367571848,Cocktail Bar
150,Downtown,0,39.10007429335191,-84.50975952674665,rhinehaus,507ad9a5e4b04c2b97f7a51b,39.10854353348844,-84.51241364260267,Sports Bar
151,Downtown,0,39.10007429335191,-84.50975952674665,AC Upper Deck,5ace98d6a879213b87f0e91a,39.09689221894976,-84.50879479541892,Bar
152,Downtown,0,39.10007429335191,-84.50975952674665,Horse & Barrel,54a37232498e8a8a7c0d23d1,39.10343553912931,-84.51190936190822,Cocktail Bar
153,Downtown,0,39.10007429335191,-84.50975952674665,Below Zero Lounge,4b525090f964a520b57627e3,39.108456922384576,-84.51301040154883,Cocktail Bar
154,Downtown,0,39.10007429335191,-84.50975952674665,Bar 506 @ The Phelps,4d966f48647d8cfac350ba3d,39.101600125831276,-84.50433040793293,Bar
155,Downtown,0,39.10007429335191,-84.50975952674665,Nicholson's Tavern and Pub,4f321ad119836c91c7b6548e,39.103407874133396,-84.51193302677541,Gastropub
156,Downtown,0,39.10007429335191,-84.50975952674665,Prism,51152771fe70d52f3b5df277,39.107634041573846,-84.5074561639552,Steakhouse
157,Downtown,0,39.10007429335191,-84.50975952674665,LOCOBA By Platform,5a76021fda70802ddac0a5b0,39.108749496279046,-84.5116733521384,Beer Bar
158,Downtown,0,39.10007429335191,-84.50975952674665,Halfcut,534f32a311d253671ecb1c6f,39.10852089636924,-84.51307969352193,Bar
159,Downtown,0,39.10007429335191,-84.50975952674665,Revel,58f01cdffe374020c816e397,39.108567039438306,-84.51268691112385,Wine Bar
160,Downtown,0,39.10007429335191,-84.50975952674665,Butcher and Barrel,593356f0da5ede31d403ff48,39.10348970644964,-84.51509531950099,Bar
161,Downtown,0,39.10007429335191,-84.50975952674665,Tonic on 4th,4b4359def964a520cfde25e3,39.0996675834588,-84.51477264491879,Cocktail Bar
162,Downtown,0,39.10007429335191,-84.50975952674665,Jefferson Social,51b2576c498eead63e31713a,39.097212372015676,-84.51011253148181,Bar
163,Downtown,0,39.10007429335191,-84.50975952674665,Tina's,4b44dae2f964a52046fe25e3,39.09915243158086,-84.5190202910366,Bar
164,Downtown,0,39.10007429335191,-84.50975952674665,Rock Bar & Lounge,5115293ffe70d52f3b617c5f,39.10819859843475,-84.50645782227063,Sports Bar
165,Downtown,0,39.10007429335191,-84.50975952674665,The Library,51152a95e889f43dafae4eb8,39.10863498703687,-84.50711097225108,Lounge
166,Corryville,1,39.131545852186974,-84.50962267608041,Taste of Belgium - Clifton,526171ac11d2bd1db179ae60,39.13227327622119,-84.5094078549034,Gastropub
167,Corryville,1,39.131545852186974,-84.50962267608041,The Brass Tap,52470ce911d2a19e0db8895b,39.12838950217945,-84.51727551025942,Bar
168,Corryville,1,39.131545852186974,-84.50962267608041,Dive Bar,4db098dccda14b702a34a91d,39.12951029700285,-84.50946108868612,Dive Bar
169,Corryville,1,39.131545852186974,-84.50962267608041,Catskeller,4b4a3a80f964a520bb7f26e3,39.13176948536015,-84.51726105704032,Bar
170,Corryville,1,39.131545852186974,-84.50962267608041,Bearcat Lounge,4b91b4f1f964a52095d133e3,39.13664164605649,-84.5075203140411,Hotel Bar
171,Corryville,1,39.131545852186974,-84.50962267608041,Fries Cafe,4b75de56f964a520bf2a2ee3,39.13970764773503,-84.51277289849145,Bar
172,Corryville,1,39.131545852186974,-84.50962267608041,Home Base Tavern,4cf2008b1d18a143699857ec,39.126206,-84.512783,Gay Bar
173,Corryville,1,39.131545852186974,-84.50962267608041,Hookah Cafe,4b526b60f964a520637c27e3,39.128165344455404,-84.51405839523511,Hookah Bar
174,Corryville,1,39.131545852186974,-84.50962267608041,Mac's Pizza Pub,4b43637ff964a52060df25e3,39.1277297,-84.5196153,Bar
175,Corryville,1,39.131545852186974,-84.50962267608041,The St. Clair,51f19534498ebc483f3c4abb,39.12831377348315,-84.51693800110203,Cocktail Bar
176,Corryville,1,39.131545852186974,-84.50962267608041,The Dime,5855b0d06431e554e169ee7f,39.1296,-84.509883,Bar
177,Corryville,1,39.131545852186974,-84.50962267608041,Daniels Pub,4c71d5d39e706dcbf0854962,39.131635736868645,-84.50964644307618,Bar
178,Corryville,1,39.131545852186974,-84.50962267608041,Uncle Woody's,4b5b260df964a5208fe628e3,39.12844312066113,-84.51995402446079,Bar
179,Corryville,1,39.131545852186974,-84.50962267608041,Rathskeller,4d5affc159ee2d4366799059,39.12755048503817,-84.51820979287034,Pub
180,Oakley,1,39.15250111435191,-84.4306456962569,Oakley Pub & Grill,4b43c098f964a5208be825e3,39.1513809009164,-84.43206147760064,Bar
181,Oakley,1,39.15250111435191,-84.4306456962569,MadTree Brewing,506cd290e4b01df5d785fc1a,39.15644435531395,-84.42403078079222,Brewery
182,Oakley,1,39.15250111435191,-84.4306456962569,The Wine Merchant,4b784cedf964a52072c32ee3,39.15205280039959,-84.44215313473649,Wine Bar
183,Oakley,1,39.15250111435191,-84.4306456962569,The Establishment,4b450157f964a520fb0026e3,39.14447434149724,-84.435464794397,Pub
184,Oakley,1,39.15250111435191,-84.4306456962569,R.P. McMurphy's,4b45012cf964a520f20026e3,39.14448448479467,-84.43510219958608,Pub
185,Oakley,1,39.15250111435191,-84.4306456962569,The Casual Pint- Oakley Station,575acd52498ee3ed92549c2e,39.15876897123766,-84.42769647410668,Beer Bar
186,Oakley,1,39.15250111435191,-84.4306456962569,Bar Louie,55e4ccea498ed1bd644be8fe,39.1585987,-84.4289592,Gastropub
187,Oakley,1,39.15250111435191,-84.4306456962569,Slammers,4bfaa0fa5ec320a136e68bd3,39.15360426666667,-84.42603626666667,Bar
188,Oakley,1,39.15250111435191,-84.4306456962569,Animations,4bfdc7464cf820a16908edf4,39.15194930627902,-84.43200566351213,Bar
189,Pleasant Ridge,1,39.182463096788055,-84.42747374744437,Nine Giant Brewing,55637bd0498e52484d271cbc,39.18216679521738,-84.42750854927604,Brewery
190,Pleasant Ridge,1,39.182463096788055,-84.42747374744437,The Overlook Lodge,56357012498eae1202f31cf3,39.182113001529345,-84.42795574934523,Cocktail Bar
191,East End,1,39.1192409324401,-84.44588220631448,The Hi-Mark,59694c7d1c0b340d4a9903a4,39.11850284807575,-84.4438652527693,Bar
192,East End,1,39.1192409324401,-84.44588220631448,Pearl's,551c30ec498edf9af2c49a07,39.11614997648562,-84.43898972878341,Bar
193,East End,1,39.1192409324401,-84.44588220631448,Tostado's Grill,4b490f76f964a520236426e3,39.11666764640575,-84.43942646125417,Karaoke Bar
194,East End,1,39.1192409324401,-84.44588220631448,Stanley's,4ba4566cf964a520ff9638e3,39.11494461142224,-84.43729456959377,Bar
195,Kennedy Heights,1,39.188624919712126,-84.41381472421588,HD Beans and Bottles Café,4b9f87f7f964a5204c2937e3,39.1901259,-84.4101492,Coffee Shop
196,Kennedy Heights,1,39.188624919712126,-84.41381472421588,The Kingdom of Kit,52faec1b498e87ce4ae5dc0c,39.19042359808416,-84.41772170853147,Hookah Bar
197,Kennedy Heights,1,39.188624919712126,-84.41381472421588,Deerpark/silverton Fireman's Lodge,4eb48b6730f8d0f18bf8ff28,39.18992914394845,-84.40511162005375,Bar
198,Kennedy Heights,1,39.188624919712126,-84.41381472421588,The Brick House,5348436e498e8a0b8ff5e4d1,39.18579533372456,-84.40552612201398,Bar
199,Kennedy Heights,1,39.188624919712126,-84.41381472421588,Mikes Pony Keg,4f325df419836c91c7d0ccbe,39.19235,-84.40396,Wine Bar
200,Madisonville,1,39.15986215623572,-84.39049165812943,ARK#1 ELKS Lodge,4fcbbf50e4b039f7d47a2d3d,39.159393310546875,-84.39051818847656,Bar
201,Madisonville,1,39.15986215623572,-84.39049165812943,The Yellow Bungalo,5240e93511d26e5cfb92857f,39.157792761634575,-84.3880141559048,Wine Bar
202,Madisonville,1,39.15986215623572,-84.39049165812943,Between Round Sport Bar,4c4fa5b31886c9b601ff5f27,39.15202554,-84.39436826,Bar
203,Over-the-Rhine,1,39.11233834758136,-84.51585810942781,Taft's Ale House,54e8dc93498e2565b4a9f267,39.11137752027737,-84.51747639808683,Brewery
204,Over-the-Rhine,1,39.11233834758136,-84.51585810942781,Low Spark,562be423498e2c64faa4d476,39.110488150536774,-84.51618023143342,Bar
205,Over-the-Rhine,1,39.11233834758136,-84.51585810942781,Sundry and Vice,55156c74498ece57a4ab8508,39.10937838604377,-84.5158521450369,Cocktail Bar
206,Over-the-Rhine,1,39.11233834758136,-84.51585810942781,Longfellow,589f74662c55ec7cf24bb656,39.109734409655424,-84.51270379561795,Bar
207,Over-the-Rhine,1,39.11233834758136,-84.51585810942781,MOTR Pub,4c6c144a6af58cfa33c08517,39.1111109,-84.5122466,Bar
208,Over-the-Rhine,1,39.11233834758136,-84.51585810942781,Senate Restaurant,4b7c72d2f964a5200c942fe3,39.10869581272631,-84.51481862131597,Gastropub
209,Over-the-Rhine,1,39.11233834758136,-84.51585810942781,Liberty's Bar & Bottle,541cf4a6498e78ca0871851c,39.11221229776944,-84.51242622036936,Bar
210,Over-the-Rhine,1,39.11233834758136,-84.51585810942781,Mecca,58268f1c878188626a7027a1,39.112001846392594,-84.5144816932454,Lounge
211,Over-the-Rhine,1,39.11233834758136,-84.51585810942781,Christian Moerlein Malt House Taproom,51a0f7c5498e1831035afb60,39.11378610161983,-84.51492325104212,Beer Bar
212,Over-the-Rhine,1,39.11233834758136,-84.51585810942781,The Pony,59fa5ce86f0aa23a208a487f,39.1111046210156,-84.51209277443574,Bar
213,Over-the-Rhine,1,39.11233834758136,-84.51585810942781,Krueger's Tavern,548a3ae3498e96c3ac6dbf16,39.10861,-84.51514,Gastropub
214,Over-the-Rhine,1,39.11233834758136,-84.51585810942781,The Lackman,4c93cb6572dd224bb0f59391,39.109409348560284,-84.51510163493671,Bar
215,Over-the-Rhine,1,39.11233834758136,-84.51585810942781,Christian Moerlein Brewery Co,4c94f855533aa093c363c445,39.113941855492776,-84.51512978547568,Brewery
216,Over-the-Rhine,1,39.11233834758136,-84.51585810942781,Pins Mechanical Co.,5bf0a9dfe65d0c002c514419,39.10854820517929,-84.51150686145472,Bar
217,Over-the-Rhine,1,39.11233834758136,-84.51585810942781,Nellie's Tap Room,5584a3b5498e999a9a5dd065,39.11139677487559,-84.51738219704508,Bar
218,Over-the-Rhine,1,39.11233834758136,-84.51585810942781,The Cabaret,4d966ca4a2c6548177f1bf53,39.108487187685036,-84.51296386057813,Gay Bar
219,Over-the-Rhine,1,39.11233834758136,-84.51585810942781,Rhinegeist Brewery,51c4888e498ea0454b65c7cd,39.117221276051744,-84.52012895230538,Brewery
220,Over-the-Rhine,1,39.11233834758136,-84.51585810942781,Japp's Since 1879,4ce30b2b7e9b721e823334f1,39.10872623986601,-84.51178367571848,Cocktail Bar
221,Over-the-Rhine,1,39.11233834758136,-84.51585810942781,LouVino OTR,5b76302cbe70780039cf7049,39.10903216505552,-84.51152331439272,Wine Bar
222,Over-the-Rhine,1,39.11233834758136,-84.51585810942781,Market Wines,4bb77b73b35776b046a2c701,39.115342918978605,-84.51958637714107,Wine Bar
223,Over-the-Rhine,1,39.11233834758136,-84.51585810942781,Below Zero Lounge,4b525090f964a520b57627e3,39.108456922384576,-84.51301040154883,Cocktail Bar
224,Over-the-Rhine,1,39.11233834758136,-84.51585810942781,rhinehaus,507ad9a5e4b04c2b97f7a51b,39.10854353348844,-84.51241364260267,Sports Bar
225,Over-the-Rhine,1,39.11233834758136,-84.51585810942781,Halfcut,534f32a311d253671ecb1c6f,39.10852089636924,-84.51307969352193,Bar
226,Over-the-Rhine,1,39.11233834758136,-84.51585810942781,LOCOBA By Platform,5a76021fda70802ddac0a5b0,39.108749496279046,-84.5116733521384,Beer Bar
227,Over-the-Rhine,1,39.11233834758136,-84.51585810942781,Revel,58f01cdffe374020c816e397,39.108567039438306,-84.51268691112385,Wine Bar
228,Over-the-Rhine,1,39.11233834758136,-84.51585810942781,Milton's - The Prospect Hill Tavern,4b45d7b5f964a520141126e3,39.1135171691661,-84.51070744765669,Bar
229,Over-the-Rhine,1,39.11233834758136,-84.51585810942781,Queen City Exchange,57f8fbf4498ecadc3af56807,39.1060916821933,-84.51535323559246,Bar
230,Over-the-Rhine,1,39.11233834758136,-84.51585810942781,3 Points Urban Brewery,5b035ade61e53b002c2f61cf,39.1102278091504,-84.50860114269034,Brewery
231,Over-the-Rhine,1,39.11233834758136,-84.51585810942781,Arnold's Bar & Grill,4b3d1320f964a520588d25e3,39.1049774191832,-84.51020930995345,Bar
232,Over-the-Rhine,1,39.11233834758136,-84.51585810942781,Knockback Nat's,4b47f539f964a5201b4526e3,39.1037127711672,-84.51388574348721,Bar
233,Over-the-Rhine,1,39.11233834758136,-84.51585810942781,Buzzed Bull Creamery,5913a19b5c6838779b4a23c3,39.1114217,-84.5120256,Ice Cream Shop
234,Over-the-Rhine,1,39.11233834758136,-84.51585810942781,Treehouse Patio Bar,592760bf3362733306e53894,39.10917356905065,-84.51049233799365,Bar
235,Over-the-Rhine,1,39.11233834758136,-84.51585810942781,Prism,51152771fe70d52f3b5df277,39.107634041573846,-84.5074561639552,Steakhouse
236,Over-the-Rhine,1,39.11233834758136,-84.51585810942781,The Drinkery,4d531ae174f2224bf0412559,39.10905553693225,-84.51161420376259,Bar
237,Over-the-Rhine,1,39.11233834758136,-84.51585810942781,Butcher and Barrel,593356f0da5ede31d403ff48,39.10348970644964,-84.51509531950099,Bar
238,Over-the-Rhine,1,39.11233834758136,-84.51585810942781,Rock Bar & Lounge,5115293ffe70d52f3b617c5f,39.10819859843475,-84.50645782227063,Sports Bar
239,Over-the-Rhine,1,39.11233834758136,-84.51585810942781,Lost & Found,5d5f3320323e4100086b0652,39.11109,-84.51459,Cocktail Bar
240,Over-the-Rhine,1,39.11233834758136,-84.51585810942781,Longfellow Other Room,5c26faca31fd14002b70d788,39.109753,-84.51291,Cocktail Bar
241,Over-the-Rhine,1,39.11233834758136,-84.51585810942781,Goose & Elder,5d56e0e527dd5a0008994411,39.115503,-84.51817,Gastropub
242,Over-the-Rhine,1,39.11233834758136,-84.51585810942781,Samuel Adams Brewery,4beb4c0aa9900f4720b11740,39.11370558065025,-84.52211908474462,Brewery
243,Over-the-Rhine,1,39.11233834758136,-84.51585810942781,Jack Pott's Tavern,4b9198c4f964a52089c833e3,39.10898446012325,-84.51153516769409,Bar
244,Over-the-Rhine,1,39.11233834758136,-84.51585810942781,Hamburger Mary's,4b438ed9f964a5202ce325e3,39.10581886768341,-84.514289,Bar
245,Over-the-Rhine,1,39.11233834758136,-84.51585810942781,Obscura,527ac8ab498e9b4a7139af39,39.10384393984594,-84.51205785289118,Lounge
246,Over-the-Rhine,1,39.11233834758136,-84.51585810942781,Main Event,4bf189653fa220a1d9681820,39.10581659834421,-84.51090837765963,Gay Bar
247,Over-the-Rhine,1,39.11233834758136,-84.51585810942781,The Library,51152a95e889f43dafae4eb8,39.10863498703687,-84.50711097225108,Lounge
248,Carthage,1,39.19555379863321,-84.47873734293984,Mud Slide,4f32b80319836c91c7f2f10b,39.194876,-84.47962,Bar
249,Carthage,1,39.19555379863321,-84.47873734293984,Bernies,4f32bba719836c91c7f482c7,39.194832,-84.479463,Bar
250,Carthage,1,39.19555379863321,-84.47873734293984,The Mudslide,4c3276a4213c2d7f888a355d,39.195230295208404,-84.47930101201568,Bar
251,Carthage,1,39.19555379863321,-84.47873734293984,Our Pub,4cb485de652c9c7428e50edc,39.18876138,-84.4859602,Dive Bar
252,Westwood,1,39.15120298374726,-84.6006525163064,West Side Brewing,58ba24a20b5656702e75833f,39.14951466341228,-84.59891525359198,Brewery
253,Westwood,1,39.15120298374726,-84.6006525163064,Rooties,4b8dcb4bf964a520070e33e3,39.15598586690003,-84.60964208240055,Bar
254,Westwood,1,39.15120298374726,-84.6006525163064,The Public House,4f7542ebe4b00446b3750d18,39.15581,-84.60667,Bar
255,Westwood,1,39.15120298374726,-84.6006525163064,Game Time Sports Bar & Grill,4f640e81e4b075c712d881f0,39.15583689910999,-84.60974892136034,Sports Bar
256,Westwood,1,39.15120298374726,-84.6006525163064,Black Sheep,4c353ee4ed37a593a9587003,39.15582013532684,-84.60664157950703,Bar
257,Westwood,1,39.15120298374726,-84.6006525163064,Skins Place,4ba18994f964a520f4be37e3,39.15579231567381,-84.60823186942528,Bar
258,Westwood,1,39.15120298374726,-84.6006525163064,Cheviot Tavern,4b76282ef964a52096402ee3,39.15588602090635,-84.6098188249395,Bar
259,South Cumminsville,0,39.14929451114722,-84.54858977104595,Cincinnati State College - Summit Bar,4ca21b33e44d6dcb19110475,39.15059724346662,-84.53800946078077,Bar
260,Mt. Airy,1,39.19177365110048,-84.57111902493864,Fin's Pony Keg,4f32062e19833175d60ac1d0,39.19295,-84.572314,Wine Bar
261,Mt. Airy,1,39.19177365110048,-84.57111902493864,Flavors Sports Bar,4f32ce8719836c91c7fcca1e,39.19269,-84.571912,Bar
262,Pendleton,0,39.1095092440368,-84.5054867021793,3 Points Urban Brewery,5b035ade61e53b002c2f61cf,39.1102278091504,-84.50860114269034,Brewery
263,Pendleton,0,39.1095092440368,-84.5054867021793,Pins Mechanical Co.,5bf0a9dfe65d0c002c514419,39.10854820517929,-84.51150686145472,Bar
264,Pendleton,0,39.1095092440368,-84.5054867021793,Longfellow,589f74662c55ec7cf24bb656,39.109734409655424,-84.51270379561795,Bar
265,Pendleton,0,39.1095092440368,-84.5054867021793,LouVino OTR,5b76302cbe70780039cf7049,39.10903216505552,-84.51152331439272,Wine Bar
266,Pendleton,0,39.1095092440368,-84.5054867021793,Japp's Since 1879,4ce30b2b7e9b721e823334f1,39.10872623986601,-84.51178367571848,Cocktail Bar
267,Pendleton,0,39.1095092440368,-84.5054867021793,Prism,51152771fe70d52f3b5df277,39.107634041573846,-84.5074561639552,Steakhouse
268,Pendleton,0,39.1095092440368,-84.5054867021793,Arnold's Bar & Grill,4b3d1320f964a520588d25e3,39.1049774191832,-84.51020930995345,Bar
269,Pendleton,0,39.1095092440368,-84.5054867021793,MOTR Pub,4c6c144a6af58cfa33c08517,39.1111109,-84.5122466,Bar
270,Pendleton,0,39.1095092440368,-84.5054867021793,The Pony,59fa5ce86f0aa23a208a487f,39.1111046210156,-84.51209277443574,Bar
271,Pendleton,0,39.1095092440368,-84.5054867021793,The Cabaret,4d966ca4a2c6548177f1bf53,39.108487187685036,-84.51296386057813,Gay Bar
272,Pendleton,0,39.1095092440368,-84.5054867021793,The Blind Lemon,4b43f73df964a5203cef25e3,39.1094217714065,-84.49752115284853,Bar
273,Pendleton,0,39.1095092440368,-84.5054867021793,rhinehaus,507ad9a5e4b04c2b97f7a51b,39.10854353348844,-84.51241364260267,Sports Bar
274,Pendleton,0,39.1095092440368,-84.5054867021793,Liberty's Bar & Bottle,541cf4a6498e78ca0871851c,39.11221229776944,-84.51242622036936,Bar
275,Pendleton,0,39.1095092440368,-84.5054867021793,City View Tavern,4b436000f964a5201adf25e3,39.10603254285439,-84.50106563828459,Bar
276,Pendleton,0,39.1095092440368,-84.5054867021793,Senate Restaurant,4b7c72d2f964a5200c942fe3,39.10869581272631,-84.51481862131597,Gastropub
277,Pendleton,0,39.1095092440368,-84.5054867021793,LOCOBA By Platform,5a76021fda70802ddac0a5b0,39.108749496279046,-84.5116733521384,Beer Bar
278,Pendleton,0,39.1095092440368,-84.5054867021793,Below Zero Lounge,4b525090f964a520b57627e3,39.108456922384576,-84.51301040154883,Cocktail Bar
279,Pendleton,0,39.1095092440368,-84.5054867021793,Krueger's Tavern,548a3ae3498e96c3ac6dbf16,39.10861,-84.51514,Gastropub
280,Pendleton,0,39.1095092440368,-84.5054867021793,Sundry and Vice,55156c74498ece57a4ab8508,39.10937838604377,-84.5158521450369,Cocktail Bar
281,Pendleton,0,39.1095092440368,-84.5054867021793,Revel,58f01cdffe374020c816e397,39.108567039438306,-84.51268691112385,Wine Bar
282,Pendleton,0,39.1095092440368,-84.5054867021793,Halfcut,534f32a311d253671ecb1c6f,39.10852089636924,-84.51307969352193,Bar
283,Pendleton,0,39.1095092440368,-84.5054867021793,The Lackman,4c93cb6572dd224bb0f59391,39.109409348560284,-84.51510163493671,Bar
284,Pendleton,0,39.1095092440368,-84.5054867021793,Milton's - The Prospect Hill Tavern,4b45d7b5f964a520141126e3,39.1135171691661,-84.51070744765669,Bar
285,Pendleton,0,39.1095092440368,-84.5054867021793,Low Spark,562be423498e2c64faa4d476,39.110488150536774,-84.51618023143342,Bar
286,Pendleton,0,39.1095092440368,-84.5054867021793,Knockback Nat's,4b47f539f964a5201b4526e3,39.1037127711672,-84.51388574348721,Bar
287,Pendleton,0,39.1095092440368,-84.5054867021793,Bow Tie Cafe,4c8179cb74d7b60c654177d8,39.10782784532844,-84.49769917722838,Café
288,Pendleton,0,39.1095092440368,-84.5054867021793,Mecca,58268f1c878188626a7027a1,39.112001846392594,-84.5144816932454,Lounge
289,Pendleton,0,39.1095092440368,-84.5054867021793,Treehouse Patio Bar,592760bf3362733306e53894,39.10917356905065,-84.51049233799365,Bar
290,Pendleton,0,39.1095092440368,-84.5054867021793,Righteous Room,4b4528c7f964a5209b0626e3,39.10377124741435,-84.51203038487587,Bar
291,Pendleton,0,39.1095092440368,-84.5054867021793,Queen City Exchange,57f8fbf4498ecadc3af56807,39.1060916821933,-84.51535323559246,Bar
292,Pendleton,0,39.1095092440368,-84.5054867021793,21c Rooftop Bar,5192c468498e36e1e0b8a5c4,39.10326763946484,-84.51213119723822,Bar
293,Pendleton,0,39.1095092440368,-84.5054867021793,Top of the Park - The Phelps,5244c309498efbc894b20926,39.1017048,-84.5046003,Bar
294,Pendleton,0,39.1095092440368,-84.5054867021793,Christian Moerlein Malt House Taproom,51a0f7c5498e1831035afb60,39.11378610161983,-84.51492325104212,Beer Bar
295,Pendleton,0,39.1095092440368,-84.5054867021793,Christian Moerlein Brewery Co,4c94f855533aa093c363c445,39.113941855492776,-84.51512978547568,Brewery
296,Pendleton,0,39.1095092440368,-84.5054867021793,Igby's,50481d09e4b0d1f2d8d750aa,39.10276930264024,-84.51100731878212,Bar
297,Pendleton,0,39.1095092440368,-84.5054867021793,Rock Bar & Lounge,5115293ffe70d52f3b617c5f,39.10819859843475,-84.50645782227063,Sports Bar
298,Pendleton,0,39.1095092440368,-84.5054867021793,Rock Bottom Restaurant & Brewery,4b3fe95ff964a520e5b125e3,39.1023862,-84.5125696,Brewery
299,Pendleton,0,39.1095092440368,-84.5054867021793,The Drinkery,4d531ae174f2224bf0412559,39.10905553693225,-84.51161420376259,Bar
300,Pendleton,0,39.1095092440368,-84.5054867021793,the grotto,4ff1c24ae4b0730ed8efe6db,39.107891499152444,-84.4977113291102,Bar
301,Pendleton,0,39.1095092440368,-84.5054867021793,Buzzed Bull Creamery,5913a19b5c6838779b4a23c3,39.1114217,-84.5120256,Ice Cream Shop
302,Pendleton,0,39.1095092440368,-84.5054867021793,Bar 506 @ The Phelps,4d966f48647d8cfac350ba3d,39.101600125831276,-84.50433040793293,Bar
303,Pendleton,0,39.1095092440368,-84.5054867021793,Longworth's,4b4cd305f964a52062c026e3,39.10797200890562,-84.49763209636609,Bar
304,Pendleton,0,39.1095092440368,-84.5054867021793,Horse & Barrel,54a37232498e8a8a7c0d23d1,39.10343553912931,-84.51190936190822,Cocktail Bar
305,Pendleton,0,39.1095092440368,-84.5054867021793,Crowley's Highland House,4b528f5ef964a520498227e3,39.107725237055014,-84.49704094305945,Bar
306,Pendleton,0,39.1095092440368,-84.5054867021793,Nicholson's Tavern and Pub,4f321ad119836c91c7b6548e,39.103407874133396,-84.51193302677541,Gastropub
307,Pendleton,0,39.1095092440368,-84.5054867021793,Yesterday's Old Time Saloon,4c4bb5dc42b4d13aee90097f,39.1093440167662,-84.49778503271742,Dive Bar
308,Pendleton,0,39.1095092440368,-84.5054867021793,Monk's Cove,4b919013f964a520d7c533e3,39.10789977788325,-84.4976498443622,Bar
309,Pendleton,0,39.1095092440368,-84.5054867021793,Scene Ultra Lounge,4ce2c250d58c60fc65c9a76f,39.10369453445236,-84.51202233509348,Lounge
310,Pendleton,0,39.1095092440368,-84.5054867021793,Tavern On The Hill,517eec58e4b0481fba059396,39.10817796843191,-84.4976822344407,Sports Bar
311,Pendleton,0,39.1095092440368,-84.5054867021793,The Library,51152a95e889f43dafae4eb8,39.10863498703687,-84.50711097225108,Lounge
312,Pendleton,0,39.1095092440368,-84.5054867021793,Main Event,4bf189653fa220a1d9681820,39.10581659834421,-84.51090837765963,Gay Bar
313,Pendleton,0,39.1095092440368,-84.5054867021793,Obscura,527ac8ab498e9b4a7139af39,39.10384393984594,-84.51205785289118,Lounge
314,Pendleton,0,39.1095092440368,-84.5054867021793,Jack Pott's Tavern,4b9198c4f964a52089c833e3,39.10898446012325,-84.51153516769409,Bar
315,Pendleton,0,39.1095092440368,-84.5054867021793,Crown Republic Gastropub,5b2b062c464d65002cc786dd,39.105043,-84.508747,Gastropub
316,Pendleton,0,39.1095092440368,-84.5054867021793,Passage Lounge,4b5dd20cf964a520a26d29e3,39.104188123344336,-84.50516927658623,Wine Bar
317,Pendleton,0,39.1095092440368,-84.5054867021793,Longfellow Other Room,5c26faca31fd14002b70d788,39.109753,-84.51291,Cocktail Bar
318,Pendleton,0,39.1095092440368,-84.5054867021793,Hamburger Mary's,4b438ed9f964a5202ce325e3,39.10581886768341,-84.514289,Bar
319,Pendleton,0,39.1095092440368,-84.5054867021793,The Wine Cellar,4b64efc7f964a520f5da2ae3,39.10789071040541,-84.49769073023027,Wine Bar
320,Pendleton,0,39.1095092440368,-84.5054867021793,Quincy's,54545cf0498eade8af41b4b7,39.107975006103516,-84.4975357055664,Bar
321,Pendleton,0,39.1095092440368,-84.5054867021793,Corkopolis,57684caa498ef17d1451d2a8,39.10402127238749,-84.51027366415242,Wine Bar
322,Pendleton,0,39.1095092440368,-84.5054867021793,Lost & Found,5d5f3320323e4100086b0652,39.11109,-84.51459,Cocktail Bar
323,Pendleton,0,39.1095092440368,-84.5054867021793,Ivy lounge,555a9714498e2877d199e1a0,39.10384,-84.512034,Lounge
324,Pendleton,0,39.1095092440368,-84.5054867021793,Spare Lounge,542b4e04498e0cea6ba5aa47,39.10391611842943,-84.51243114216376,Lounge
325,Pendleton,0,39.1095092440368,-84.5054867021793,Cobblestone OTR,5b97fe298ad62e0039ca2345,39.108018,-84.516296,Bar
326,Pendleton,0,39.1095092440368,-84.5054867021793,The Birdcage,5bcf92b4364d97003950b633,39.105988293041804,-84.51599306850667,Gay Bar
327,Mt. Adams,1,39.10823021406872,-84.49760670790124,The Blind Lemon,4b43f73df964a5203cef25e3,39.1094217714065,-84.49752115284853,Bar
328,Mt. Adams,1,39.10823021406872,-84.49760670790124,Bow Tie Cafe,4c8179cb74d7b60c654177d8,39.10782784532844,-84.49769917722838,Café
329,Mt. Adams,1,39.10823021406872,-84.49760670790124,City View Tavern,4b436000f964a5201adf25e3,39.10603254285439,-84.50106563828459,Bar
330,Mt. Adams,1,39.10823021406872,-84.49760670790124,the grotto,4ff1c24ae4b0730ed8efe6db,39.107891499152444,-84.4977113291102,Bar
331,Mt. Adams,1,39.10823021406872,-84.49760670790124,Longworth's,4b4cd305f964a52062c026e3,39.10797200890562,-84.49763209636609,Bar
332,Mt. Adams,1,39.10823021406872,-84.49760670790124,Crowley's Highland House,4b528f5ef964a520498227e3,39.107725237055014,-84.49704094305945,Bar
333,Mt. Adams,1,39.10823021406872,-84.49760670790124,3 Points Urban Brewery,5b035ade61e53b002c2f61cf,39.1102278091504,-84.50860114269034,Brewery
334,Mt. Adams,1,39.10823021406872,-84.49760670790124,Prism,51152771fe70d52f3b5df277,39.107634041573846,-84.5074561639552,Steakhouse
335,Mt. Adams,1,39.10823021406872,-84.49760670790124,Top of the Park - The Phelps,5244c309498efbc894b20926,39.1017048,-84.5046003,Bar
336,Mt. Adams,1,39.10823021406872,-84.49760670790124,Yesterday's Old Time Saloon,4c4bb5dc42b4d13aee90097f,39.1093440167662,-84.49778503271742,Dive Bar
337,Mt. Adams,1,39.10823021406872,-84.49760670790124,Bar 506 @ The Phelps,4d966f48647d8cfac350ba3d,39.101600125831276,-84.50433040793293,Bar
338,Mt. Adams,1,39.10823021406872,-84.49760670790124,Monk's Cove,4b919013f964a520d7c533e3,39.10789977788325,-84.4976498443622,Bar
339,Mt. Adams,1,39.10823021406872,-84.49760670790124,Rock Bar & Lounge,5115293ffe70d52f3b617c5f,39.10819859843475,-84.50645782227063,Sports Bar
340,Mt. Adams,1,39.10823021406872,-84.49760670790124,Tavern On The Hill,517eec58e4b0481fba059396,39.10817796843191,-84.4976822344407,Sports Bar
341,Mt. Adams,1,39.10823021406872,-84.49760670790124,The Wine Cellar,4b64efc7f964a520f5da2ae3,39.10789071040541,-84.49769073023027,Wine Bar
342,Mt. Adams,1,39.10823021406872,-84.49760670790124,Quincy's,54545cf0498eade8af41b4b7,39.107975006103516,-84.4975357055664,Bar
343,Mt. Adams,1,39.10823021406872,-84.49760670790124,Passage Lounge,4b5dd20cf964a520a26d29e3,39.104188123344336,-84.50516927658623,Wine Bar
344,Mt. Adams,1,39.10823021406872,-84.49760670790124,The Library,51152a95e889f43dafae4eb8,39.10863498703687,-84.50711097225108,Lounge
345,North Avondale,1,39.15630128013693,-84.47970383268174,Sonny's All Blues Cafe & Lounge,4c4e3a659932e21ef99767cd,39.16371552468466,-84.47914102146366,Lounge
346,North Avondale,1,39.15630128013693,-84.47970383268174,Ryan's Pub,4bbe9776b083a5934656a2e9,39.149724777758436,-84.47459780054669,Pub
347,North Avondale,1,39.15630128013693,-84.47970383268174,D'Artagnan's Deck,54d2c4cb498e1c00b0666395,39.150267,-84.471961,Bar
348,Columbia Tusculum,1,39.11402263639894,-84.43619770013959,Pearl's,551c30ec498edf9af2c49a07,39.11614997648562,-84.43898972878341,Bar
349,Columbia Tusculum,1,39.11402263639894,-84.43619770013959,Streetside Brewery,57e6fea3498e425ed4b9ccd6,39.10919256471454,-84.43294652581494,Brewery
350,Columbia Tusculum,1,39.11402263639894,-84.43619770013959,The Hi-Mark,59694c7d1c0b340d4a9903a4,39.11850284807575,-84.4438652527693,Bar
351,Columbia Tusculum,1,39.11402263639894,-84.43619770013959,Tostado's Grill,4b490f76f964a520236426e3,39.11666764640575,-84.43942646125417,Karaoke Bar
352,Columbia Tusculum,1,39.11402263639894,-84.43619770013959,Stanley's,4ba4566cf964a520ff9638e3,39.11494461142224,-84.43729456959377,Bar
353,Columbia Tusculum,1,39.11402263639894,-84.43619770013959,POP Bar,58eedba8419a9e657e544527,39.109712,-84.433588,Bar
354,Westwood,2,39.1483600001865,-84.61269401300812,Rooties,4b8dcb4bf964a520070e33e3,39.15598586690003,-84.60964208240055,Bar
355,Westwood,2,39.1483600001865,-84.61269401300812,Fogartys Irish Pub,4becbff9d5510f47aeffcc6c,39.156492496019965,-84.61009991302419,Bar
356,Westwood,2,39.1483600001865,-84.61269401300812,The Public House,4f7542ebe4b00446b3750d18,39.15581,-84.60667,Bar
357,Westwood,2,39.1483600001865,-84.61269401300812,Maury's Tiny Cove,4b58744df964a5208c5828e3,39.157207760516094,-84.61364665649701,Steakhouse
358,Westwood,2,39.1483600001865,-84.61269401300812,Game Time Sports Bar & Grill,4f640e81e4b075c712d881f0,39.15583689910999,-84.60974892136034,Sports Bar
359,Westwood,2,39.1483600001865,-84.61269401300812,Babes Cafe,4c354321452620a14b99260f,39.14900689889023,-84.6129197225388,Bar
360,Westwood,2,39.1483600001865,-84.61269401300812,Roswell's,4ba16b4df964a5205cb537e3,39.1558530948666,-84.61143192803374,Bar
361,Westwood,2,39.1483600001865,-84.61269401300812,Keller's,4ba05112f964a520056837e3,39.15601848807167,-84.6112802886673,Bar
362,Westwood,2,39.1483600001865,-84.61269401300812,Cheviot Tavern,4b76282ef964a52096402ee3,39.15588602090635,-84.6098188249395,Bar
363,Westwood,2,39.1483600001865,-84.61269401300812,Legends,4e869c299adfbdec9b09fd2b,39.15633818724071,-84.61265368300953,Bar
364,Westwood,2,39.1483600001865,-84.61269401300812,2nd Street Saloon,4b6d1381f964a520d2652ce3,39.156321289714604,-84.61113905131748,Bar
365,Westwood,2,39.1483600001865,-84.61269401300812,Smokin Monkey,4bb6a0bb6edc76b02149311c,39.15643981058877,-84.61183045134862,Bar
366,Westwood,2,39.1483600001865,-84.61269401300812,Luckeys,4c2ff49166e40f47d6e8c28b,39.15653866645527,-84.61199822177491,Bar
367,Westwood,2,39.1483600001865,-84.61269401300812,Skins Place,4ba18994f964a520f4be37e3,39.15579231567381,-84.60823186942528,Bar
368,Westwood,2,39.1483600001865,-84.61269401300812,Dean's Hops & Vine,54c2e770498e2e5544fa7fca,39.156640258603325,-84.61205445493927,Bar
369,Westwood,2,39.1483600001865,-84.61269401300812,Black Sheep,4c353ee4ed37a593a9587003,39.15582013532684,-84.60664157950703,Bar
370,West Price Hill,2,39.122451299273024,-84.60166698364966,Tom & Jerry's Sports Bar and Grill,4c2812793492a593f7edb628,39.128083379623476,-84.60735466787595,Karaoke Bar
371,West Price Hill,2,39.122451299273024,-84.60166698364966,Old Time Saloon,4ba4fdeff964a5204acd38e3,39.11859573581091,-84.59970229431404,Bar
372,West Price Hill,2,39.122451299273024,-84.60166698364966,crow's nest irish pub,51be6ad6498e4560a9a1e778,39.11933426432598,-84.5961434011426,Bar
373,West Price Hill,2,39.122451299273024,-84.60166698364966,Patrick’s Sports Bar & Grill,5c93c4412a7ab6002cec9aab,39.128124,-84.607861,Bar
374,Over-the-Rhine,2,39.110469989489104,-84.51154975823061,Longfellow,589f74662c55ec7cf24bb656,39.109734409655424,-84.51270379561795,Bar
375,Over-the-Rhine,2,39.110469989489104,-84.51154975823061,Pins Mechanical Co.,5bf0a9dfe65d0c002c514419,39.10854820517929,-84.51150686145472,Bar
376,Over-the-Rhine,2,39.110469989489104,-84.51154975823061,MOTR Pub,4c6c144a6af58cfa33c08517,39.1111109,-84.5122466,Bar
377,Over-the-Rhine,2,39.110469989489104,-84.51154975823061,Japp's Since 1879,4ce30b2b7e9b721e823334f1,39.10872623986601,-84.51178367571848,Cocktail Bar
378,Over-the-Rhine,2,39.110469989489104,-84.51154975823061,The Pony,59fa5ce86f0aa23a208a487f,39.1111046210156,-84.51209277443574,Bar
379,Over-the-Rhine,2,39.110469989489104,-84.51154975823061,LouVino OTR,5b76302cbe70780039cf7049,39.10903216505552,-84.51152331439272,Wine Bar
380,Over-the-Rhine,2,39.110469989489104,-84.51154975823061,Liberty's Bar & Bottle,541cf4a6498e78ca0871851c,39.11221229776944,-84.51242622036936,Bar
381,Over-the-Rhine,2,39.110469989489104,-84.51154975823061,Senate Restaurant,4b7c72d2f964a5200c942fe3,39.10869581272631,-84.51481862131597,Gastropub
382,Over-the-Rhine,2,39.110469989489104,-84.51154975823061,The Cabaret,4d966ca4a2c6548177f1bf53,39.108487187685036,-84.51296386057813,Gay Bar
383,Over-the-Rhine,2,39.110469989489104,-84.51154975823061,rhinehaus,507ad9a5e4b04c2b97f7a51b,39.10854353348844,-84.51241364260267,Sports Bar
384,Over-the-Rhine,2,39.110469989489104,-84.51154975823061,Sundry and Vice,55156c74498ece57a4ab8508,39.10937838604377,-84.5158521450369,Cocktail Bar
385,Over-the-Rhine,2,39.110469989489104,-84.51154975823061,Below Zero Lounge,4b525090f964a520b57627e3,39.108456922384576,-84.51301040154883,Cocktail Bar
386,Over-the-Rhine,2,39.110469989489104,-84.51154975823061,Krueger's Tavern,548a3ae3498e96c3ac6dbf16,39.10861,-84.51514,Gastropub
387,Over-the-Rhine,2,39.110469989489104,-84.51154975823061,Taft's Ale House,54e8dc93498e2565b4a9f267,39.11137752027737,-84.51747639808683,Brewery
388,Over-the-Rhine,2,39.110469989489104,-84.51154975823061,LOCOBA By Platform,5a76021fda70802ddac0a5b0,39.108749496279046,-84.5116733521384,Beer Bar
389,Over-the-Rhine,2,39.110469989489104,-84.51154975823061,3 Points Urban Brewery,5b035ade61e53b002c2f61cf,39.1102278091504,-84.50860114269034,Brewery
390,Over-the-Rhine,2,39.110469989489104,-84.51154975823061,Low Spark,562be423498e2c64faa4d476,39.110488150536774,-84.51618023143342,Bar
391,Over-the-Rhine,2,39.110469989489104,-84.51154975823061,The Lackman,4c93cb6572dd224bb0f59391,39.109409348560284,-84.51510163493671,Bar
392,Over-the-Rhine,2,39.110469989489104,-84.51154975823061,Mecca,58268f1c878188626a7027a1,39.112001846392594,-84.5144816932454,Lounge
393,Over-the-Rhine,2,39.110469989489104,-84.51154975823061,Revel,58f01cdffe374020c816e397,39.108567039438306,-84.51268691112385,Wine Bar
394,Over-the-Rhine,2,39.110469989489104,-84.51154975823061,Halfcut,534f32a311d253671ecb1c6f,39.10852089636924,-84.51307969352193,Bar
395,Over-the-Rhine,2,39.110469989489104,-84.51154975823061,Arnold's Bar & Grill,4b3d1320f964a520588d25e3,39.1049774191832,-84.51020930995345,Bar
396,Over-the-Rhine,2,39.110469989489104,-84.51154975823061,Christian Moerlein Malt House Taproom,51a0f7c5498e1831035afb60,39.11378610161983,-84.51492325104212,Beer Bar
397,Over-the-Rhine,2,39.110469989489104,-84.51154975823061,Milton's - The Prospect Hill Tavern,4b45d7b5f964a520141126e3,39.1135171691661,-84.51070744765669,Bar
398,Over-the-Rhine,2,39.110469989489104,-84.51154975823061,Queen City Exchange,57f8fbf4498ecadc3af56807,39.1060916821933,-84.51535323559246,Bar
399,Over-the-Rhine,2,39.110469989489104,-84.51154975823061,Christian Moerlein Brewery Co,4c94f855533aa093c363c445,39.113941855492776,-84.51512978547568,Brewery
400,Over-the-Rhine,2,39.110469989489104,-84.51154975823061,Knockback Nat's,4b47f539f964a5201b4526e3,39.1037127711672,-84.51388574348721,Bar
401,Over-the-Rhine,2,39.110469989489104,-84.51154975823061,Prism,51152771fe70d52f3b5df277,39.107634041573846,-84.5074561639552,Steakhouse
402,Over-the-Rhine,2,39.110469989489104,-84.51154975823061,Treehouse Patio Bar,592760bf3362733306e53894,39.10917356905065,-84.51049233799365,Bar
403,Over-the-Rhine,2,39.110469989489104,-84.51154975823061,Nellie's Tap Room,5584a3b5498e999a9a5dd065,39.11139677487559,-84.51738219704508,Bar
404,Over-the-Rhine,2,39.110469989489104,-84.51154975823061,Righteous Room,4b4528c7f964a5209b0626e3,39.10377124741435,-84.51203038487587,Bar
405,Over-the-Rhine,2,39.110469989489104,-84.51154975823061,21c Rooftop Bar,5192c468498e36e1e0b8a5c4,39.10326763946484,-84.51213119723822,Bar
406,Over-the-Rhine,2,39.110469989489104,-84.51154975823061,The Drinkery,4d531ae174f2224bf0412559,39.10905553693225,-84.51161420376259,Bar
407,Over-the-Rhine,2,39.110469989489104,-84.51154975823061,Buzzed Bull Creamery,5913a19b5c6838779b4a23c3,39.1114217,-84.5120256,Ice Cream Shop
408,Over-the-Rhine,2,39.110469989489104,-84.51154975823061,Market Wines,4bb77b73b35776b046a2c701,39.115342918978605,-84.51958637714107,Wine Bar
409,Over-the-Rhine,2,39.110469989489104,-84.51154975823061,Rock Bottom Restaurant & Brewery,4b3fe95ff964a520e5b125e3,39.1023862,-84.5125696,Brewery
410,Over-the-Rhine,2,39.110469989489104,-84.51154975823061,Igby's,50481d09e4b0d1f2d8d750aa,39.10276930264024,-84.51100731878212,Bar
411,Over-the-Rhine,2,39.110469989489104,-84.51154975823061,Tokyo Kitty,5a7a076195da0c68369b705f,39.10194269515349,-84.51494286668184,Karaoke Bar
412,Over-the-Rhine,2,39.110469989489104,-84.51154975823061,Horse & Barrel,54a37232498e8a8a7c0d23d1,39.10343553912931,-84.51190936190822,Cocktail Bar
413,Over-the-Rhine,2,39.110469989489104,-84.51154975823061,Butcher and Barrel,593356f0da5ede31d403ff48,39.10348970644964,-84.51509531950099,Bar
414,Over-the-Rhine,2,39.110469989489104,-84.51154975823061,Nicholson's Tavern and Pub,4f321ad119836c91c7b6548e,39.103407874133396,-84.51193302677541,Gastropub
415,Over-the-Rhine,2,39.110469989489104,-84.51154975823061,Rock Bar & Lounge,5115293ffe70d52f3b617c5f,39.10819859843475,-84.50645782227063,Sports Bar
416,Over-the-Rhine,2,39.110469989489104,-84.51154975823061,Scene Ultra Lounge,4ce2c250d58c60fc65c9a76f,39.10369453445236,-84.51202233509348,Lounge
417,Over-the-Rhine,2,39.110469989489104,-84.51154975823061,Jack Pott's Tavern,4b9198c4f964a52089c833e3,39.10898446012325,-84.51153516769409,Bar
418,Over-the-Rhine,2,39.110469989489104,-84.51154975823061,Longfellow Other Room,5c26faca31fd14002b70d788,39.109753,-84.51291,Cocktail Bar
419,Over-the-Rhine,2,39.110469989489104,-84.51154975823061,Lost & Found,5d5f3320323e4100086b0652,39.11109,-84.51459,Cocktail Bar
420,Over-the-Rhine,2,39.110469989489104,-84.51154975823061,The Cricket Lounge,4b48ed1ff964a520b95d26e3,39.10247332340866,-84.51361903754871,Bar
421,Over-the-Rhine,2,39.110469989489104,-84.51154975823061,Main Event,4bf189653fa220a1d9681820,39.10581659834421,-84.51090837765963,Gay Bar
422,Over-the-Rhine,2,39.110469989489104,-84.51154975823061,Obscura,527ac8ab498e9b4a7139af39,39.10384393984594,-84.51205785289118,Lounge
423,Over-the-Rhine,2,39.110469989489104,-84.51154975823061,Hamburger Mary's,4b438ed9f964a5202ce325e3,39.10581886768341,-84.514289,Bar
424,Over-the-Rhine,2,39.110469989489104,-84.51154975823061,The Library,51152a95e889f43dafae4eb8,39.10863498703687,-84.50711097225108,Lounge
425,Over-the-Rhine,2,39.110469989489104,-84.51154975823061,Crown Republic Gastropub,5b2b062c464d65002cc786dd,39.105043,-84.508747,Gastropub
426,Over-the-Rhine,2,39.110469989489104,-84.51154975823061,Corkopolis,57684caa498ef17d1451d2a8,39.10402127238749,-84.51027366415242,Wine Bar
427,Over-the-Rhine,2,39.110469989489104,-84.51154975823061,Ivy lounge,555a9714498e2877d199e1a0,39.10384,-84.512034,Lounge
428,Over-the-Rhine,2,39.110469989489104,-84.51154975823061,Goose & Elder,5d56e0e527dd5a0008994411,39.115503,-84.51817,Gastropub
429,Over-the-Rhine,2,39.110469989489104,-84.51154975823061,Passage Lounge,4b5dd20cf964a520a26d29e3,39.104188123344336,-84.50516927658623,Wine Bar
430,Over-the-Rhine,2,39.110469989489104,-84.51154975823061,Samuel Adams Brewery,4beb4c0aa9900f4720b11740,39.11370558065025,-84.52211908474462,Brewery
431,Hyde Park,2,39.1411252106136,-84.4216012315913,Dutch's,4c54d2c4a724e21ec025fcf6,39.14140395936204,-84.4216567039579,Wine Bar
432,Hyde Park,2,39.1411252106136,-84.4216012315913,Hap's Irish Pub,4c288a529eb195210e882959,39.141239284602754,-84.4187242853817,Bar
433,Hyde Park,2,39.1411252106136,-84.4216012315913,Berling Bar,576f4564498e95e8e887f357,39.14762,-84.42188,Pub
434,Hyde Park,2,39.1411252106136,-84.4216012315913,Hard Heart Brewing,58e02d1ad8e5594fab215e90,39.140907,-84.411897,Brewery
435,Hyde Park,2,39.1411252106136,-84.4216012315913,2x4,4bca7547fb84c9b672521d3e,39.13299982,-84.418819,Bar
436,East Walnut Hills,1,39.128889442414376,-84.47682324096525,Cafe Desales,4f48087ee4b01863529f8568,39.12978070652628,-84.47681667597159,Café
437,East Walnut Hills,1,39.128889442414376,-84.47682324096525,Urbana Cafe,5b474778b1ec13002c762f99,39.128296,-84.477526,Coffee Shop
438,East Walnut Hills,1,39.128889442414376,-84.47682324096525,Angst Coffeehouse,537d3168498e4035f0942fd9,39.12421941676291,-84.47623871120612,Coffee Shop
439,East Walnut Hills,1,39.128889442414376,-84.47682324096525,The Coffee Shop on Madison,4b5b671df964a52041fb28e3,39.124203473155454,-84.476265488835,Coffee Shop
440,East Walnut Hills,1,39.128889442414376,-84.47682324096525,Lunch It Punch It,4d2ca3490fdc6a3128f4910b,39.12507397233298,-84.4694357281434,Café
441,Queensgate,0,39.108472203165405,-84.53375798068345,Dunkin',5c90ae885a2c9100393852a3,39.10293718559846,-84.53030627455917,Donut Shop
442,Northside,1,39.16079490680447,-84.53894591579758,Collective Espresso,5495c1fd498eeb266e9442d0,39.15989548739377,-84.53959544408238,Coffee Shop
443,Northside,1,39.16079490680447,-84.53894591579758,Sidewinder Coffee + Tea,4b4fa9d2f964a520c80f27e3,39.16303611815905,-84.53994675997957,Coffee Shop
444,Northside,1,39.16079490680447,-84.53894591579758,La Terza Artisian Coffee Roasterie,4b8314a0f964a52064f630e3,39.16240719,-84.547742,Coffee Shop
445,Roselawn,1,39.19999808510147,-84.45680071034724,Starbucks,5231fe6811d20c9541f8f121,39.1987986603819,-84.45172736188755,Coffee Shop
446,Roselawn,1,39.19999808510147,-84.45680071034724,Gospel Coffee Shop,4f32b04119836c91c7f00a53,39.197372,-84.458094,Coffee Shop
447,Roselawn,1,39.19999808510147,-84.45680071034724,Gospel cafe,4dc18a8745dd472e9b7a22f4,39.196519858347514,-84.45329083411124,Café
448,Roselawn,1,39.19999808510147,-84.45680071034724,Coffee Break Roasting Co,531adac3498e987ce4f551cd,39.191824,-84.454015,Café
449,Walnut Hills,1,39.12928125579373,-84.49029876479503,Landlocked Social House,5834e157460dd95c693620b8,39.12643156692403,-84.4960768684641,Bar
450,Walnut Hills,1,39.12928125579373,-84.49029876479503,Dunkin',4b7d3aabf964a520d0b32fe3,39.13477782063361,-84.49930446073057,Donut Shop
451,Walnut Hills,1,39.12928125579373,-84.49029876479503,Promises,4fa23e9ce4b01ab96a9e1940,39.121212,-84.48711,Café
452,Walnut Hills,1,39.12928125579373,-84.49029876479503,A A,4fa23d7ae4b0b4fd55311a6d,39.121171,-84.487035,Café
453,Walnut Hills,1,39.12928125579373,-84.49029876479503,722,4fa23f2ce4b0e96680aeae28,39.121136,-84.486943,Café
454,West End,1,39.10911838251127,-84.5281334741158,Dunkin',5c90ae885a2c9100393852a3,39.10293718559846,-84.53030627455917,Donut Shop
455,West End,1,39.10911838251127,-84.5281334741158,Plaza Cafe,4d77ac468963f04d12bfef37,39.103384,-84.52039554999999,Café
456,Bond Hill,1,39.17615861373958,-84.46679405189505,Starbucks,5773b88a498e4f7e0b80e93e,39.168818,-84.46455,Coffee Shop
457,Bond Hill,1,39.17615861373958,-84.46679405189505,Next Chapter,521e4b7111d21d7ddaa55a73,39.170972,-84.45924,Café
458,Mt. Auburn,0,39.11925582932078,-84.5087745103549,Deeper Roots Coffee,59d6f05d4928143ec569d3a5,39.11592414944626,-84.51839410608878,Coffee Shop
459,Mt. Auburn,0,39.11925582932078,-84.5087745103549,Collective Espresso,50676887e4b0bb2af9c18911,39.11062863273613,-84.51171256306424,Coffee Shop
460,Mt. Auburn,0,39.11925582932078,-84.5087745103549,Churchills Tea Shop,4b65be36f964a520fefc2ae3,39.11543991232033,-84.51925969165426,Tea Room
461,Mt. Auburn,0,39.11925582932078,-84.5087745103549,Iris Bookcafé,4b4cfa0ff964a52049c626e3,39.11075271724542,-84.51214714217619,Coffee Shop
462,Mt. Auburn,0,39.11925582932078,-84.5087745103549,Coffee Creations,4e8da63b55032ad21a267d4f,39.1210227930298,-84.51083814917034,Coffee Shop
463,Mt. Auburn,0,39.11925582932078,-84.5087745103549,Urbana Cafe,5d176d4a33b3200023fd6e6c,39.115444,-84.518737,Coffee Shop
464,Mt. Lookout,1,39.12901820207263,-84.4300783299096,Lookout Joe - Mt Lookout Coffee Roasters,4b48a780f964a520ba5126e3,39.129429396478564,-84.43017718684344,Coffee Shop
465,Mt. Lookout,1,39.12901820207263,-84.4300783299096,Paulas Gourmet Cafe,4f325b3b19836c91c7cfbb48,39.12057,-84.431951,Coffee Shop
466,Avondale,1,39.144072024912866,-84.49924556960545,Shriners Cafe,5159add5e4b06ee01f1ffce7,39.137305,-84.50094,Café
467,Avondale,1,39.144072024912866,-84.49924556960545,VA Patriot Cafe,50200b5ee4b016a5158f3555,39.14059818462685,-84.50943534812727,Café
468,Hyde Park,1,39.1389318612636,-84.442504037832,Graeter's Ice Cream,4b60e2f7f964a520c9ff29e3,39.13994652220337,-84.44300062392517,Ice Cream Shop
469,Hyde Park,1,39.1389318612636,-84.442504037832,Awakenings Coffee & Tea Co.,4b49f086f964a5205e7626e3,39.13964587193228,-84.44192986173108,Wine Bar
470,Hyde Park,1,39.1389318612636,-84.442504037832,Hyde Perk,59459d974c9be621914b3622,39.144278053069996,-84.44202579894657,Coffee Shop
471,Hyde Park,1,39.1389318612636,-84.442504037832,Starbucks,4b462436f964a520d71726e3,39.14747,-84.44308266,Coffee Shop
472,Hyde Park,1,39.1389318612636,-84.442504037832,Dunkin',4ea7fe7acc21adeb991c472f,39.146034,-84.442323,Donut Shop
473,Hyde Park,1,39.1389318612636,-84.442504037832,Kidd Coffee & Wine Bar,55a04998498e1d7b33a40345,39.14446860316021,-84.4420227231783,Coffee Shop
474,Hyde Park,1,39.1389318612636,-84.442504037832,The Coffee Garden Cafe,4f075cf4d5fbd06c5954dcf0,39.14466895047446,-84.44114421279329,Coffee Shop
475,Hyde Park,1,39.1389318612636,-84.442504037832,Bronte,4fd34753e4b0d432549ceda4,39.14636813657451,-84.44330607456976,Café
476,Lower Price Hill,1,39.105010040061195,-84.55303231112518,BLOC Coffee Company,4b474878f964a520192e26e3,39.10681629520175,-84.56244100911532,Coffee Shop
477,Lower Price Hill,1,39.105010040061195,-84.55303231112518,The 86 Onthehill,5bfda1e1dd12f8002c573649,39.112031,-84.554708,Coffee Shop
478,Lower Price Hill,1,39.105010040061195,-84.55303231112518,Hilltop Coffee Shop,4bbe44dd6a93b7139d02ebd2,39.1124349302759,-84.55452219959645,Coffee Shop
479,Evanston,1,39.145443145858565,-84.46906225816373,Community Blend,5389f7c2498e1b0d8c12f301,39.14379775352529,-84.46991744383998,Coffee Shop
480,Evanston,1,39.145443145858565,-84.46906225816373,Betta's Cafe Cornetti,51542adef2e79d1f96561feb,39.14806788015128,-84.46593761444092,Café
481,Evanston,1,39.145443145858565,-84.46906225816373,Cafe Cornette,5150510be4b054c69a8332b5,39.148176434193346,-84.46610973173009,Coffee Shop
482,Evanston,1,39.145443145858565,-84.46906225816373,Coffee Emporium,4d6564b44e1ea1cda00b50b9,39.14743743622953,-84.47371722160857,Coffee Shop
483,Evanston,1,39.145443145858565,-84.46906225816373,Coffee Emporium,4b8bd7dff964a52031ae32e3,39.149693056572275,-84.47462299867405,Coffee Shop
484,Camp Washington,1,39.13679019874358,-84.53758316123972,Sunny Blu Coffeehouse,5cfbc95cc03635002cdec432,39.134586,-84.53671,Coffee Shop
485,Camp Washington,1,39.13679019874358,-84.53758316123972,Mom 'N 'Em Coffee,5cec16a7da7080002d104219,39.14093,-84.53833,Café
486,College Hill,1,39.20030213790457,-84.54686198326684,College Hill Coffee Co. and Casual Gourmet,4b58920af964a520b95e28e3,39.202948454959824,-84.54755909405266,Café
487,Clifton,1,39.14302280375853,-84.52005776166956,Graeter's Ice Cream,4b41013ef964a52037bf25e3,39.143871261003234,-84.52077145828378,Ice Cream Shop
488,Clifton,1,39.14302280375853,-84.52005776166956,Lydia's on Ludlow,4cc99720d147a0934701e8ae,39.14362744591213,-84.52060971548532,Café
489,Clifton,1,39.14302280375853,-84.52005776166956,Lydia's On Ludlow,571b82e0498efeaaa68d8917,39.143495,-84.520651,Café
490,Clifton,1,39.14302280375853,-84.52005776166956,Sitwell's Coffee House,4b42b57bf964a52007d925e3,39.14375923829778,-84.52054370089253,Coffee Shop
491,Clifton,1,39.14302280375853,-84.52005776166956,Starbucks,4db1bb9c6a231f2e4a7087da,39.13957379545471,-84.52256196736245,Coffee Shop
492,Clifton,1,39.14302280375853,-84.52005776166956,VA Patriot Cafe,50200b5ee4b016a5158f3555,39.14059818462685,-84.50943534812727,Café
493,Clifton,1,39.14302280375853,-84.52005776166956,DAAP Cafe,4d276676342d6dcb2b57edca,39.13442780205726,-84.51862505535928,Café
494,East Price Hill,1,39.11170118303134,-84.5688124854708,BLOC Coffee Company,4b474878f964a520192e26e3,39.10681629520175,-84.56244100911532,Coffee Shop
495,Clifton Heights,1,39.12813537616496,-84.51713714709862,Rohs Street Cafe,4b525fdbf964a520187a27e3,39.12772208576179,-84.52138572047411,Coffee Shop
496,Clifton Heights,1,39.12813537616496,-84.51713714709862,Hookah Cafe,4b526b60f964a520637c27e3,39.128165344455404,-84.51405839523511,Hookah Bar
497,Clifton Heights,1,39.12813537616496,-84.51713714709862,Starbucks,590957029de23b6c0a8c761f,39.13229,-84.516488,Coffee Shop
498,Clifton Heights,1,39.12813537616496,-84.51713714709862,Starbucks,58f9af53237dee3cd80dba4e,39.12844541874812,-84.50999173408503,Coffee Shop
499,Clifton Heights,1,39.12813537616496,-84.51713714709862,The 86 Uptown,4befe8a0a09076b0719f29d4,39.13309789770944,-84.51067686080933,Coffee Shop
500,Clifton Heights,1,39.12813537616496,-84.51713714709862,Starbucks,4fc94581d4f24895b4467e1f,39.130481,-84.517897,Coffee Shop
501,Clifton Heights,1,39.12813537616496,-84.51713714709862,Daylight Donuts,58de59a44886996c4e93e51b,39.128034,-84.519485,Donut Shop
502,Clifton Heights,1,39.12813537616496,-84.51713714709862,Chatime,5b79f078dee770002c2c50b5,39.127939,-84.519507,Bubble Tea Shop
503,Clifton Heights,1,39.12813537616496,-84.51713714709862,CCM Cafe,4b5f2e82f964a5208aab29e3,39.13070682627537,-84.5178851672378,College Cafeteria
504,Clifton Heights,1,39.12813537616496,-84.51713714709862,Cliqq & Sip Lounge,4debdf59d4c00071b8487a3b,39.127945350796395,-84.52205047938851,Café
505,Clifton Heights,1,39.12813537616496,-84.51713714709862,DAAP Cafe,4d276676342d6dcb2b57edca,39.13442780205726,-84.51862505535928,Café
506,Clifton Heights,1,39.12813537616496,-84.51713714709862,Java City,4ce2a28dc4f6a35ddad0e16c,39.13482999336233,-84.51356868178374,Coffee Shop
507,Clifton Heights,1,39.12813537616496,-84.51713714709862,Heart Center Starbucks Coffee,564106c8cd1073c83f74a544,39.121291,-84.510902,Coffee Shop
508,Clifton Heights,1,39.12813537616496,-84.51713714709862,Coffee Creations,4e8da63b55032ad21a267d4f,39.1210227930298,-84.51083814917034,Coffee Shop
509,Downtown,0,39.10007429335191,-84.50975952674665,Sleepy Bee Cafe,5a6dea8297cf5a7b38b5e293,39.10005539529861,-84.51227164823638,Café
510,Downtown,0,39.10007429335191,-84.50975952674665,Starbucks,4b44be05f964a520e2fa25e3,39.10022148,-84.5091296,Coffee Shop
511,Downtown,0,39.10007429335191,-84.50975952674665,Cheapside Cafe,53760551498e68b83d4e746c,39.10544225068649,-84.50773946152565,Café
512,Downtown,0,39.10007429335191,-84.50975952674665,Lola's,55f31264498ebc576e3e6bee,39.09872025515388,-84.51346087075879,Coffee Shop
513,Downtown,0,39.10007429335191,-84.50975952674665,Cafe De Paris,4ba8cd26f964a52007f039e3,39.104384104001454,-84.51450141553399,Café
514,Downtown,0,39.10007429335191,-84.50975952674665,Coffee Emporium,4b460755f964a5207d1426e3,39.10749750998573,-84.51238976791237,Coffee Shop
515,Downtown,0,39.10007429335191,-84.50975952674665,Coffee Emporium Queen City Square,4f0720e0e4b0e890792a0740,39.10007271464138,-84.50759314865167,Coffee Shop
516,Downtown,0,39.10007429335191,-84.50975952674665,Starbucks,4b465b05f964a5209e1e26e3,39.09998876,-84.51284805,Coffee Shop
517,Downtown,0,39.10007429335191,-84.50975952674665,Kitty's Coffee,4b74d41df964a52043f42de3,39.10684241320802,-84.51197621656635,Coffee Shop
518,Downtown,0,39.10007429335191,-84.50975952674665,Kitty's Coffee,4b7029ccf964a52093092de3,39.10104647121505,-84.51060764000795,Coffee Shop
519,Downtown,0,39.10007429335191,-84.50975952674665,Servatii Café,4da71df993a04785b90e97a1,39.101462081436615,-84.51184223754552,Café
520,Downtown,0,39.10007429335191,-84.50975952674665,Dunkin',4fb3a080e4b096e01fa3bc35,39.1008171,-84.5115673,Donut Shop
521,Downtown,0,39.10007429335191,-84.50975952674665,LOCOBA By Platform,5a76021fda70802ddac0a5b0,39.108749496279046,-84.5116733521384,Beer Bar
522,Downtown,0,39.10007429335191,-84.50975952674665,Starbucks,4b447f3df964a520a1f525e3,39.10265542,-84.51029228,Coffee Shop
523,Downtown,0,39.10007429335191,-84.50975952674665,Lookout Joe,4b829737f964a520b1d930e3,39.10329123620389,-84.51421122795779,Coffee Shop
524,Downtown,0,39.10007429335191,-84.50975952674665,Starbucks,51c1a68e498efff561f442d9,39.101424011634705,-84.51547286779704,Coffee Shop
525,Downtown,0,39.10007429335191,-84.50975952674665,Dunkin',4b59a652f964a520cd9028e3,39.10189990160531,-84.51182366038609,Donut Shop
526,Downtown,0,39.10007429335191,-84.50975952674665,Cafe Lang Thang,528b85c9498efca11a1b0312,39.10715801161131,-84.51618974970961,Café
527,Downtown,0,39.10007429335191,-84.50975952674665,Market @ The Hyatt,5228682f498e2114bbcd5232,39.10087248223207,-84.51590299800294,Café
528,Downtown,0,39.10007429335191,-84.50975952674665,Dunkin',52c6a72511d25d2901e3ae40,39.10645535991474,-84.51173859207148,Donut Shop
529,Downtown,0,39.10007429335191,-84.50975952674665,Tazza Mía Express,4b96914bf964a5204ed534e3,39.102128047881834,-84.50856894856962,Coffee Shop
530,Downtown,0,39.10007429335191,-84.50975952674665,Gourmet Food To Go @580,555dfd39498e9927b8c07110,39.102534,-84.510507,Café
531,Downtown,0,39.10007429335191,-84.50975952674665,Vine Street Cafe,4b5f288af964a520d8a929e3,39.107178159287585,-84.51426951047412,Café
532,Downtown,0,39.10007429335191,-84.50975952674665,Palm Court Express,50ca02bf245f2d4aa8c2b12c,39.1010704,-84.51338959,Coffee Shop
533,Downtown,0,39.10007429335191,-84.50975952674665,Smooth Nitro Coffee,591d964865211f5e89a13cc3,39.101901,-84.513242,Coffee Shop
534,Downtown,0,39.10007429335191,-84.50975952674665,Rooted Juicery + Kitchen,5a1eac21fe374027da751340,39.102497903402785,-84.51274786984462,Café
535,Downtown,0,39.10007429335191,-84.50975952674665,Outtakes,5097bc83e4b07b04ac7a4b6b,39.103186,-84.505335,Café
536,Downtown,0,39.10007429335191,-84.50975952674665,P&G Tower Cafeteria,4b425a7df964a52033d225e3,39.10325194849573,-84.50524097784624,Café
537,Downtown,0,39.10007429335191,-84.50975952674665,Espresso Cafe,50080c37e4b04742ed60445e,39.10068655421317,-84.5162358346737,Café
538,Downtown,0,39.10007429335191,-84.50975952674665,Black Coffee Lounge,5d541ca60078a8000845f0c7,39.104805,-84.517044,Coffee Shop
539,Downtown,0,39.10007429335191,-84.50975952674665,Lori Beth's,51f29e30498e031859439599,39.10203010473022,-84.49984777277736,Café
540,Corryville,1,39.131545852186974,-84.50962267608041,The 86 Uptown,4befe8a0a09076b0719f29d4,39.13309789770944,-84.51067686080933,Coffee Shop
541,Corryville,1,39.131545852186974,-84.50962267608041,Highland Coffee House,4b480a1cf964a520d34626e3,39.13248916958804,-84.5030767491701,Coffee Shop
542,Corryville,1,39.131545852186974,-84.50962267608041,Starbucks,58f9af53237dee3cd80dba4e,39.12844541874812,-84.50999173408503,Coffee Shop
543,Corryville,1,39.131545852186974,-84.50962267608041,Starbucks,590957029de23b6c0a8c761f,39.13229,-84.516488,Coffee Shop
544,Corryville,1,39.131545852186974,-84.50962267608041,Hookah Cafe,4b526b60f964a520637c27e3,39.128165344455404,-84.51405839523511,Hookah Bar
545,Corryville,1,39.131545852186974,-84.50962267608041,Dunkin',4b7d3aabf964a520d0b32fe3,39.13477782063361,-84.49930446073057,Donut Shop
546,Corryville,1,39.131545852186974,-84.50962267608041,Dunkin',57a53efd498e6c05049e7729,39.1279395548843,-84.51509892700983,Donut Shop
547,Corryville,1,39.131545852186974,-84.50962267608041,Starbucks,4c59654cb8b3c9b6ecfc88b6,39.136672,-84.507369,Coffee Shop
548,Corryville,1,39.131545852186974,-84.50962267608041,Java City,4ce2a28dc4f6a35ddad0e16c,39.13482999336233,-84.51356868178374,Coffee Shop
549,Corryville,1,39.131545852186974,-84.50962267608041,Campus view Cafe,50aa4fb8e4b0024ee0c55d9e,39.136364715001505,-84.50774534511257,Café
550,Corryville,1,39.131545852186974,-84.50962267608041,CCM Cafe,4b5f2e82f964a5208aab29e3,39.13070682627537,-84.5178851672378,College Cafeteria
551,Corryville,1,39.131545852186974,-84.50962267608041,DAAP Cafe,4d276676342d6dcb2b57edca,39.13442780205726,-84.51862505535928,Café
552,Corryville,1,39.131545852186974,-84.50962267608041,Daylight Donuts,58de59a44886996c4e93e51b,39.128034,-84.519485,Donut Shop
553,Corryville,1,39.131545852186974,-84.50962267608041,Tweedles,5813efe438faad3786bee5ea,39.128002,-84.519488,Donut Shop
554,Corryville,1,39.131545852186974,-84.50962267608041,Chatime,5b79f078dee770002c2c50b5,39.127939,-84.519507,Bubble Tea Shop
555,Corryville,1,39.131545852186974,-84.50962267608041,Shriners Cafe,5159add5e4b06ee01f1ffce7,39.137305,-84.50094,Café
556,Oakley,1,39.15250111435191,-84.4306456962569,Sleepy Bee Cafe,52b0886f498efc2e4cd17869,39.15345210075723,-84.42983866080864,Café
557,Oakley,1,39.15250111435191,-84.4306456962569,Deeper Roots Coffee,551b3c41498e142b44ef7432,39.152130758221425,-84.43193141337946,Coffee Shop
558,Oakley,1,39.15250111435191,-84.4306456962569,Essencha Tea House and Fine Teas,4b4601adf964a520081426e3,39.155201393253805,-84.4269183218075,Tea Room
559,Oakley,1,39.15250111435191,-84.4306456962569,Starbucks - Hyde Park Plaza,5a68993d911fc45bf379b894,39.145885,-84.429012,Coffee Shop
560,Oakley,1,39.15250111435191,-84.4306456962569,Starbucks,4b56886bf964a5203a1428e3,39.144689,-84.429488,Coffee Shop
561,Oakley,1,39.15250111435191,-84.4306456962569,Starbucks,4c17fefe4ff90f4790c30d49,39.160281,-84.427295,Coffee Shop
562,Oakley,1,39.15250111435191,-84.4306456962569,Milk Bar Cafe,5b9577d112c8f0002c799554,39.146855,-84.426847,Café
563,Oakley,1,39.15250111435191,-84.4306456962569,wild eggs,587b8f38e1109525d08c5f1b,39.158493,-84.426201,Café
564,Oakley,1,39.15250111435191,-84.4306456962569,Girlfriendology.com Headquarters,4befe2d5a09076b0669e29d4,39.15894565574377,-84.42344812519953,Coffee Shop
565,Pleasant Ridge,1,39.182463096788055,-84.42747374744437,The Coffee Exchange of Pleasant Ridge,51a0d57e498ea72544467f09,39.182378661232086,-84.42694672695173,Coffee Shop
566,Pleasant Ridge,1,39.182463096788055,-84.42747374744437,Apricot Coffee House,5cd6d42b4b78c5002cf894cf,39.182034,-84.42901,Coffee Shop
567,Pleasant Ridge,1,39.182463096788055,-84.42747374744437,The Red Balloon Cafe + Play,52a0d141498e5b4401e88e6e,39.182991659908,-84.4251741209966,Café
568,Pleasant Ridge,1,39.182463096788055,-84.42747374744437,Beans and Grapes Coffeehouse and Wine Bar,50a243ace4b0ed47fb54bd92,39.183159402789556,-84.42511118001326,Coffee Shop
569,East End,1,39.1192409324401,-84.44588220631448,Fuel Coffee,4c41bfd63735be9ac3d518a4,39.122730797312926,-84.45495497541444,Coffee Shop
570,East End,1,39.1192409324401,-84.44588220631448,Green Dog Cafe,4b4a2c79f964a520587d26e3,39.11575306611054,-84.43779941593183,Café
571,East End,1,39.1192409324401,-84.44588220631448,Starbucks,4b4a4921f964a5204b8226e3,39.11550600095668,-84.43638206635728,Coffee Shop
572,Kennedy Heights,1,39.188624919712126,-84.41381472421588,HD Beans and Bottles Café,4b9f87f7f964a5204c2937e3,39.1901259,-84.4101492,Coffee Shop
573,Kennedy Heights,1,39.188624919712126,-84.41381472421588,Rasheedah's Cafe 2,4b5c97abf964a5209e3829e3,39.182001,-84.421551,Café
574,Madisonville,1,39.15986215623572,-84.39049165812943,Cookoo's Coffee Shoppe,5749b468498eb6a5d0d3b342,39.159875,-84.393294,Coffee Shop
575,Madisonville,1,39.15986215623572,-84.39049165812943,The Mad Llama,57a3295a498e6185b7ddb9f1,39.160166,-84.386344,Coffee Shop
576,Over-the-Rhine,1,39.11233834758136,-84.51585810942781,Graeter's Ice Cream,52c755d911d2faa81232fbc7,39.1106617,-84.5155246,Ice Cream Shop
577,Over-the-Rhine,1,39.11233834758136,-84.51585810942781,Holtman's Donut Shop,520adbb8bce685c2b3858b2a,39.110494285115905,-84.51536888740317,Donut Shop
578,Over-the-Rhine,1,39.11233834758136,-84.51585810942781,1215 Wine Bar & Coffee Lab,4f349e4ee4b0debe1e46886a,39.10885067861751,-84.51501413009079,Coffee Shop
579,Over-the-Rhine,1,39.11233834758136,-84.51585810942781,Collective Espresso,50676887e4b0bb2af9c18911,39.11062863273613,-84.51171256306424,Coffee Shop
580,Over-the-Rhine,1,39.11233834758136,-84.51585810942781,Deeper Roots Coffee,59d6f05d4928143ec569d3a5,39.11592414944626,-84.51839410608878,Coffee Shop
581,Over-the-Rhine,1,39.11233834758136,-84.51585810942781,Coffee Emporium,4b460755f964a5207d1426e3,39.10749750998573,-84.51238976791237,Coffee Shop
582,Over-the-Rhine,1,39.11233834758136,-84.51585810942781,Iris Bookcafé,4b4cfa0ff964a52049c626e3,39.11075271724542,-84.51214714217619,Coffee Shop
583,Over-the-Rhine,1,39.11233834758136,-84.51585810942781,Churchills Tea Shop,4b65be36f964a520fefc2ae3,39.11543991232033,-84.51925969165426,Tea Room
584,Over-the-Rhine,1,39.11233834758136,-84.51585810942781,Urbana Cafe,56705900498e2a5eecf26ca4,39.109912,-84.508293,Coffee Shop
585,Over-the-Rhine,1,39.11233834758136,-84.51585810942781,LOCOBA By Platform,5a76021fda70802ddac0a5b0,39.108749496279046,-84.5116733521384,Beer Bar
586,Over-the-Rhine,1,39.11233834758136,-84.51585810942781,Cafe De Paris,4ba8cd26f964a52007f039e3,39.104384104001454,-84.51450141553399,Café
587,Over-the-Rhine,1,39.11233834758136,-84.51585810942781,Kitty's Coffee,4b74d41df964a52043f42de3,39.10684241320802,-84.51197621656635,Coffee Shop
588,Over-the-Rhine,1,39.11233834758136,-84.51585810942781,Cafe Lang Thang,528b85c9498efca11a1b0312,39.10715801161131,-84.51618974970961,Café
589,Over-the-Rhine,1,39.11233834758136,-84.51585810942781,Starbucks,51152b43e889f43dafafc33e,39.108172,-84.506312,Coffee Shop
590,Over-the-Rhine,1,39.11233834758136,-84.51585810942781,Vine Street Cafe,4b5f288af964a520d8a929e3,39.107178159287585,-84.51426951047412,Café
591,Over-the-Rhine,1,39.11233834758136,-84.51585810942781,Dunkin',52c6a72511d25d2901e3ae40,39.10645535991474,-84.51173859207148,Donut Shop
592,Over-the-Rhine,1,39.11233834758136,-84.51585810942781,Urbana Cafe,5d176d4a33b3200023fd6e6c,39.115444,-84.518737,Coffee Shop
593,Over-the-Rhine,1,39.11233834758136,-84.51585810942781,S'mores Bar,5a4ff52e4186864b034fc53b,39.1096,-84.5116,Coffee Shop
594,Over-the-Rhine,1,39.11233834758136,-84.51585810942781,Black Coffee Lounge,5d541ca60078a8000845f0c7,39.104805,-84.517044,Coffee Shop
595,Over-the-Rhine,1,39.11233834758136,-84.51585810942781,V's Cafe on 7th,56645ce4498e79f3611b7a34,39.103987,-84.511735,Café
596,Westwood,1,39.15120298374726,-84.6006525163064,Muse Cafe,596a5f098ad62e41be2f4320,39.14858884169008,-84.59815684656063,Café
597,Westwood,1,39.15120298374726,-84.6006525163064,Albert-James Co,4f32579219836c91c7ce4c2b,39.145729,-84.608928,Coffee Shop
598,Mt. Airy,1,39.19177365110048,-84.57111902493864,VA Vet Cafe,4e981ba2f5b9dd852fb40c1f,39.18666939620935,-84.57290295297834,Café
599,Pendleton,0,39.1095092440368,-84.5054867021793,Urbana Cafe,56705900498e2a5eecf26ca4,39.109912,-84.508293,Coffee Shop
600,Pendleton,0,39.1095092440368,-84.5054867021793,Cheapside Cafe,53760551498e68b83d4e746c,39.10544225068649,-84.50773946152565,Café
601,Pendleton,0,39.1095092440368,-84.5054867021793,Coffee Emporium,4b460755f964a5207d1426e3,39.10749750998573,-84.51238976791237,Coffee Shop
602,Pendleton,0,39.1095092440368,-84.5054867021793,Collective Espresso,50676887e4b0bb2af9c18911,39.11062863273613,-84.51171256306424,Coffee Shop
603,Pendleton,0,39.1095092440368,-84.5054867021793,LOCOBA By Platform,5a76021fda70802ddac0a5b0,39.108749496279046,-84.5116733521384,Beer Bar
604,Pendleton,0,39.1095092440368,-84.5054867021793,1215 Wine Bar & Coffee Lab,4f349e4ee4b0debe1e46886a,39.10885067861751,-84.51501413009079,Coffee Shop
605,Pendleton,0,39.1095092440368,-84.5054867021793,Graeter's Ice Cream,52c755d911d2faa81232fbc7,39.1106617,-84.5155246,Ice Cream Shop
606,Pendleton,0,39.1095092440368,-84.5054867021793,Holtman's Donut Shop,520adbb8bce685c2b3858b2a,39.110494285115905,-84.51536888740317,Donut Shop
607,Pendleton,0,39.1095092440368,-84.5054867021793,Kitty's Coffee,4b74d41df964a52043f42de3,39.10684241320802,-84.51197621656635,Coffee Shop
608,Pendleton,0,39.1095092440368,-84.5054867021793,Iris Bookcafé,4b4cfa0ff964a52049c626e3,39.11075271724542,-84.51214714217619,Coffee Shop
609,Pendleton,0,39.1095092440368,-84.5054867021793,Cafe De Paris,4ba8cd26f964a52007f039e3,39.104384104001454,-84.51450141553399,Café
610,Pendleton,0,39.1095092440368,-84.5054867021793,Bow Tie Cafe,4c8179cb74d7b60c654177d8,39.10782784532844,-84.49769917722838,Café
611,Pendleton,0,39.1095092440368,-84.5054867021793,Starbucks,4d24b61f2ac6f04df3803745,39.1031400988486,-84.50519053716704,Coffee Shop
612,Pendleton,0,39.1095092440368,-84.5054867021793,Starbucks,51152b43e889f43dafafc33e,39.108172,-84.506312,Coffee Shop
613,Pendleton,0,39.1095092440368,-84.5054867021793,Cafe Lang Thang,528b85c9498efca11a1b0312,39.10715801161131,-84.51618974970961,Café
614,Pendleton,0,39.1095092440368,-84.5054867021793,Starbucks,4b447f3df964a520a1f525e3,39.10265542,-84.51029228,Coffee Shop
615,Pendleton,0,39.1095092440368,-84.5054867021793,Dunkin',52c6a72511d25d2901e3ae40,39.10645535991474,-84.51173859207148,Donut Shop
616,Pendleton,0,39.1095092440368,-84.5054867021793,Vine Street Cafe,4b5f288af964a520d8a929e3,39.107178159287585,-84.51426951047412,Café
617,Pendleton,0,39.1095092440368,-84.5054867021793,S'mores Bar,5a4ff52e4186864b034fc53b,39.1096,-84.5116,Coffee Shop
618,Pendleton,0,39.1095092440368,-84.5054867021793,P&G Tower Cafeteria,4b425a7df964a52033d225e3,39.10325194849573,-84.50524097784624,Café
619,Pendleton,0,39.1095092440368,-84.5054867021793,Outtakes,5097bc83e4b07b04ac7a4b6b,39.103186,-84.505335,Café
620,Pendleton,0,39.1095092440368,-84.5054867021793,Cafe 1837,5b043a06c9f907002c10fa7f,39.103036,-84.506542,Café
621,Pendleton,0,39.1095092440368,-84.5054867021793,V's Cafe on 7th,56645ce4498e79f3611b7a34,39.103987,-84.511735,Café
622,Pendleton,0,39.1095092440368,-84.5054867021793,Tazza Mía Express,4b96914bf964a5204ed534e3,39.102128047881834,-84.50856894856962,Coffee Shop
623,Pendleton,0,39.1095092440368,-84.5054867021793,Terrace Cafe,4bb630bfef159c74fd8d75f7,39.113949693638304,-84.49706452350887,Café
624,Pendleton,0,39.1095092440368,-84.5054867021793,Gourmet Food To Go @580,555dfd39498e9927b8c07110,39.102534,-84.510507,Café
625,Pendleton,0,39.1095092440368,-84.5054867021793,Lori Beth's,51f29e30498e031859439599,39.10203010473022,-84.49984777277736,Café
626,Pendleton,0,39.1095092440368,-84.5054867021793,Rooted Juicery + Kitchen,5a1eac21fe374027da751340,39.102497903402785,-84.51274786984462,Café
627,Mt. Adams,1,39.10823021406872,-84.49760670790124,Bow Tie Cafe,4c8179cb74d7b60c654177d8,39.10782784532844,-84.49769917722838,Café
628,Mt. Adams,1,39.10823021406872,-84.49760670790124,Cheapside Cafe,53760551498e68b83d4e746c,39.10544225068649,-84.50773946152565,Café
629,Mt. Adams,1,39.10823021406872,-84.49760670790124,Urbana Cafe,56705900498e2a5eecf26ca4,39.109912,-84.508293,Coffee Shop
630,Mt. Adams,1,39.10823021406872,-84.49760670790124,Starbucks,4d24b61f2ac6f04df3803745,39.1031400988486,-84.50519053716704,Coffee Shop
631,Mt. Adams,1,39.10823021406872,-84.49760670790124,Starbucks,51152b43e889f43dafafc33e,39.108172,-84.506312,Coffee Shop
632,Mt. Adams,1,39.10823021406872,-84.49760670790124,Terrace Cafe,4bb630bfef159c74fd8d75f7,39.113949693638304,-84.49706452350887,Café
633,Mt. Adams,1,39.10823021406872,-84.49760670790124,Lori Beth's,51f29e30498e031859439599,39.10203010473022,-84.49984777277736,Café
634,Mt. Adams,1,39.10823021406872,-84.49760670790124,P&G Tower Cafeteria,4b425a7df964a52033d225e3,39.10325194849573,-84.50524097784624,Café
635,Mt. Adams,1,39.10823021406872,-84.49760670790124,Outtakes,5097bc83e4b07b04ac7a4b6b,39.103186,-84.505335,Café
636,Mt. Adams,1,39.10823021406872,-84.49760670790124,Cafe 1837,5b043a06c9f907002c10fa7f,39.103036,-84.506542,Café
637,North Avondale,1,39.15630128013693,-84.47970383268174,Victory Perk,5c48e80400b068002e1396a6,39.149755,-84.474526,Coffee Shop
638,North Avondale,1,39.15630128013693,-84.47970383268174,Coffee Emporium,4b8bd7dff964a52031ae32e3,39.149693056572275,-84.47462299867405,Coffee Shop
639,Columbia Tusculum,1,39.11402263639894,-84.43619770013959,Starbucks,4b4a4921f964a5204b8226e3,39.11550600095668,-84.43638206635728,Coffee Shop
640,Columbia Tusculum,1,39.11402263639894,-84.43619770013959,Green Dog Cafe,4b4a2c79f964a520587d26e3,39.11575306611054,-84.43779941593183,Café
641,Columbia Tusculum,1,39.11402263639894,-84.43619770013959,Paulas Gourmet Cafe,4f325b3b19836c91c7cfbb48,39.12057,-84.431951,Coffee Shop
642,Westwood,2,39.1483600001865,-84.61269401300812,Starbucks,4bbc8f2d3de8c9b6fa149bad,39.144694678463246,-84.61954993590666,Coffee Shop
643,Westwood,2,39.1483600001865,-84.61269401300812,Dunkin',4b676140f964a520654b2be3,39.1409921,-84.618431,Donut Shop
644,Westwood,2,39.1483600001865,-84.61269401300812,Albert-James Co,4f32579219836c91c7ce4c2b,39.145729,-84.608928,Coffee Shop
645,West Price Hill,2,39.122451299273024,-84.60166698364966,Front Porch Coffeehouse,4b47aba7f964a520e93926e3,39.124579,-84.604194,Coffee Shop
646,West Price Hill,2,39.122451299273024,-84.60166698364966,silverton donut shoppe,50070ebee4b092158253527e,39.124130241864925,-84.60945233577816,Donut Shop
647,Over-the-Rhine,2,39.110469989489104,-84.51154975823061,Collective Espresso,50676887e4b0bb2af9c18911,39.11062863273613,-84.51171256306424,Coffee Shop
648,Over-the-Rhine,2,39.110469989489104,-84.51154975823061,Coffee Emporium,4b460755f964a5207d1426e3,39.10749750998573,-84.51238976791237,Coffee Shop
649,Over-the-Rhine,2,39.110469989489104,-84.51154975823061,Graeter's Ice Cream,52c755d911d2faa81232fbc7,39.1106617,-84.5155246,Ice Cream Shop
650,Over-the-Rhine,2,39.110469989489104,-84.51154975823061,1215 Wine Bar & Coffee Lab,4f349e4ee4b0debe1e46886a,39.10885067861751,-84.51501413009079,Coffee Shop
651,Over-the-Rhine,2,39.110469989489104,-84.51154975823061,Holtman's Donut Shop,520adbb8bce685c2b3858b2a,39.110494285115905,-84.51536888740317,Donut Shop
652,Over-the-Rhine,2,39.110469989489104,-84.51154975823061,Urbana Cafe,56705900498e2a5eecf26ca4,39.109912,-84.508293,Coffee Shop
653,Over-the-Rhine,2,39.110469989489104,-84.51154975823061,LOCOBA By Platform,5a76021fda70802ddac0a5b0,39.108749496279046,-84.5116733521384,Beer Bar
654,Over-the-Rhine,2,39.110469989489104,-84.51154975823061,Iris Bookcafé,4b4cfa0ff964a52049c626e3,39.11075271724542,-84.51214714217619,Coffee Shop
655,Over-the-Rhine,2,39.110469989489104,-84.51154975823061,Cheapside Cafe,53760551498e68b83d4e746c,39.10544225068649,-84.50773946152565,Café
656,Over-the-Rhine,2,39.110469989489104,-84.51154975823061,Kitty's Coffee,4b74d41df964a52043f42de3,39.10684241320802,-84.51197621656635,Coffee Shop
657,Over-the-Rhine,2,39.110469989489104,-84.51154975823061,Cafe De Paris,4ba8cd26f964a52007f039e3,39.104384104001454,-84.51450141553399,Café
658,Over-the-Rhine,2,39.110469989489104,-84.51154975823061,Deeper Roots Coffee,59d6f05d4928143ec569d3a5,39.11592414944626,-84.51839410608878,Coffee Shop
659,Over-the-Rhine,2,39.110469989489104,-84.51154975823061,Churchills Tea Shop,4b65be36f964a520fefc2ae3,39.11543991232033,-84.51925969165426,Tea Room
660,Over-the-Rhine,2,39.110469989489104,-84.51154975823061,Cafe Lang Thang,528b85c9498efca11a1b0312,39.10715801161131,-84.51618974970961,Café
661,Over-the-Rhine,2,39.110469989489104,-84.51154975823061,Starbucks,4d24b61f2ac6f04df3803745,39.1031400988486,-84.50519053716704,Coffee Shop
662,Over-the-Rhine,2,39.110469989489104,-84.51154975823061,Starbucks,51152b43e889f43dafafc33e,39.108172,-84.506312,Coffee Shop
663,Over-the-Rhine,2,39.110469989489104,-84.51154975823061,Lookout Joe,4b829737f964a520b1d930e3,39.10329123620389,-84.51421122795779,Coffee Shop
664,Over-the-Rhine,2,39.110469989489104,-84.51154975823061,Starbucks,4b447f3df964a520a1f525e3,39.10265542,-84.51029228,Coffee Shop
665,Over-the-Rhine,2,39.110469989489104,-84.51154975823061,Vine Street Cafe,4b5f288af964a520d8a929e3,39.107178159287585,-84.51426951047412,Café
666,Over-the-Rhine,2,39.110469989489104,-84.51154975823061,Dunkin',52c6a72511d25d2901e3ae40,39.10645535991474,-84.51173859207148,Donut Shop
667,Over-the-Rhine,2,39.110469989489104,-84.51154975823061,Dunkin',4b59a652f964a520cd9028e3,39.10189990160531,-84.51182366038609,Donut Shop
668,Over-the-Rhine,2,39.110469989489104,-84.51154975823061,S'mores Bar,5a4ff52e4186864b034fc53b,39.1096,-84.5116,Coffee Shop
669,Over-the-Rhine,2,39.110469989489104,-84.51154975823061,V's Cafe on 7th,56645ce4498e79f3611b7a34,39.103987,-84.511735,Café
670,Over-the-Rhine,2,39.110469989489104,-84.51154975823061,Black Coffee Lounge,5d541ca60078a8000845f0c7,39.104805,-84.517044,Coffee Shop
671,Over-the-Rhine,2,39.110469989489104,-84.51154975823061,Urbana Cafe,5d176d4a33b3200023fd6e6c,39.115444,-84.518737,Coffee Shop
672,Over-the-Rhine,2,39.110469989489104,-84.51154975823061,Gourmet Food To Go @580,555dfd39498e9927b8c07110,39.102534,-84.510507,Café
673,Over-the-Rhine,2,39.110469989489104,-84.51154975823061,Rooted Juicery + Kitchen,5a1eac21fe374027da751340,39.102497903402785,-84.51274786984462,Café
674,Over-the-Rhine,2,39.110469989489104,-84.51154975823061,Cafe 1837,5b043a06c9f907002c10fa7f,39.103036,-84.506542,Café
675,Over-the-Rhine,2,39.110469989489104,-84.51154975823061,Tazza Mía Express,4b96914bf964a5204ed534e3,39.102128047881834,-84.50856894856962,Coffee Shop
676,Over-the-Rhine,2,39.110469989489104,-84.51154975823061,Smooth Nitro Coffee,591d964865211f5e89a13cc3,39.101901,-84.513242,Coffee Shop
677,Over-the-Rhine,2,39.110469989489104,-84.51154975823061,P&G Tower Cafeteria,4b425a7df964a52033d225e3,39.10325194849573,-84.50524097784624,Café
678,Over-the-Rhine,2,39.110469989489104,-84.51154975823061,Outtakes,5097bc83e4b07b04ac7a4b6b,39.103186,-84.505335,Café
679,Hyde Park,2,39.1411252106136,-84.4216012315913,Coffee Emporium,4b488c39f964a5201e4f26e3,39.141559820785254,-84.42425000222386,Coffee Shop
680,Hyde Park,2,39.1411252106136,-84.4216012315913,Starbucks,4b56886bf964a5203a1428e3,39.144689,-84.429488,Coffee Shop
681,Hyde Park,2,39.1411252106136,-84.4216012315913,Starbucks - Hyde Park Plaza,5a68993d911fc45bf379b894,39.145885,-84.429012,Coffee Shop
682,Hyde Park,2,39.1411252106136,-84.4216012315913,Lola’s,5b6daff2112c6c002c2e25ef,39.141149,-84.419421,Coffee Shop
683,Hyde Park,2,39.1411252106136,-84.4216012315913,Coffee Emporium,4f32943e19836c91c7e58e13,39.146679,-84.421663,Coffee Shop
684,Hyde Park,2,39.1411252106136,-84.4216012315913,Milk Bar Cafe,5b9577d112c8f0002c799554,39.146855,-84.426847,Café
